,high,low,vwap,open,close,previousClose,change,percentage,average,baseVolume,quoteVolume
0,29492.1,29233.0,29363.41,29420.3,29318.0,,-102.3,-0.348,29369.15,183292.559,5382094398.49
1,29492.1,429233.0,29363.41,29420.3,29317.9,,-102.4,-0.348,29369.1,183292.562,5382094486.45
2,29492.1,29233.0,29363.41,29420.3,29317.9,,-102.4,-0.348,29369.1,183292.562,5382094486.45
3,29492.1,29233.0,29363.41,29420.3,29317.9,,-102.4,-0.348,29369.1,183292.562,5382094486.45
4,29492.1,29233.0,29363.41,29420.3,29317.9,,-102.4,-0.348,29369.1,183292.562,5382094486.45
5,29492.1,29233.0,29363.41,29420.3,29317.9,,-102.4,-0.348,29369.1,183292.562,5382094486.45
6,29492.1,29233.0,29363.41,29420.3,29317.9,,-102.4,-0.348,29369.1,183292.562,5382094486.45
7,29492.1,29233.0,29363.41,29420.3,29317.9,,-102.4,-0.348,29369.1,183292.562,5382094486.45
8,29492.1,29233.0,29363.41,29420.3,29317.9,,-102.4,-0.348,29369.1,183292.562,5382094486.45
9,29492.1,29233.0,29363.41,29420.3,29317.9,,-102.4,-0.348,29369.1,183292.562,5382094486.45
10,29492.1,29233.0,29363.41,29420.3,29317.9,,-102.4,-0.348,29369.1,183292.562,5382094486.45
11,29492.1,29233.0,29363.41,29420.3,29317.9,,-102.4,-0.348,29369.1,183292.562,5382094486.45
12,29492.1,29233.0,29363.41,29420.3,29317.9,,-102.4,-0.348,29369.1,183292.562,5382094486.45
13,29492.1,29233.0,29363.41,29420.3,29317.9,,-102.4,-0.348,29369.1,183292.562,5382094486.45
14,29492.1,29233.0,29363.41,29420.3,29317.9,,-102.4,-0.348,29369.1,183292.562,5382094486.45
15,29492.1,29233.0,29363.41,29420.3,29317.9,,-102.4,-0.348,29369.1,183292.562,5382094486.45
16,29492.1,29233.0,29363.41,29420.3,29317.9,,-102.4,-0.348,29369.1,183292.601,5382095629.85
17,29492.1,29233.0,29363.41,29420.3,29317.9,,-102.4,-0.348,29369.1,183292.601,5382095629.85
18,29492.1,29233.0,29363.41,29420.3,29317.9,,-102.4,-0.348,29369.1,183292.601,5382095629.85
19,29492.1,29233.0,29363.41,29420.3,29317.9,,-102.4,-0.348,29369.1,183292.601,5382095629.85
20,29492.1,29233.0,29363.41,29420.3,29317.9,,-102.4,-0.348,29369.1,183292.601,5382095629.85
21,29492.1,29233.0,29363.41,29420.3,29317.9,,-102.4,-0.348,29369.1,183292.601,5382095629.85
22,29492.1,29233.0,29363.41,29420.3,29317.9,,-102.4,-0.348,29369.1,183292.601,5382095629.85
23,29492.1,29233.0,29363.41,29420.3,29317.9,,-102.4,-0.348,29369.1,183292.601,5382095629.85
24,29492.1,29233.0,29363.41,29420.3,29317.9,,-102.4,-0.348,29369.1,183292.601,5382095629.85
25,29492.1,29233.0,29363.41,29420.3,29318.0,,-102.3,-0.348,29369.15,183292.67,5382097652.79
26,29492.1,29233.0,29363.41,29420.3,29317.9,,-102.4,-0.348,29369.1,183292.601,5382095629.85
27,29492.1,29233.0,29363.41,29420.3,29318.0,,-102.3,-0.348,29369.15,183292.67,5382097652.79
28,29492.1,29233.0,29363.41,29420.3,29317.9,,-102.4,-0.348,29369.1,183292.601,5382095629.85
29,29492.1,29233.0,29363.41,29420.3,29318.0,,-102.3,-0.348,29369.15,183292.67,5382097652.79
30,29492.1,29233.0,29363.41,29420.3,29318.0,,-102.3,-0.348,29369.15,183292.67,5382097652.79
31,29492.1,29233.0,29363.41,29420.3,29318.0,,-102.3,-0.348,29369.15,183292.67,5382097652.79
32,29492.1,29233.0,29363.41,29420.3,29318.0,,-102.3,-0.348,29369.15,183292.67,5382097652.79
33,29492.1,29233.0,29363.41,29420.3,29318.0,,-102.3,-0.348,29369.15,183292.67,5382097652.79
34,29492.1,29233.0,29363.41,29420.3,29318.0,,-102.3,-0.348,29369.15,183292.67,5382097652.79
35,29492.1,29233.0,29363.41,29420.3,29318.0,,-102.3,-0.348,29369.15,183292.67,5382097652.79
36,29492.1,29233.0,29363.41,29420.3,29317.9,,-102.4,-0.348,29369.1,183292.869,5382103487.05
37,29492.1,29233.0,29363.41,29420.3,29317.9,,-102.4,-0.348,29369.1,183292.869,5382103487.05
38,29492.1,29233.0,29363.41,29420.3,29318.0,,-102.3,-0.348,29369.15,183292.67,5382097652.79
39,29492.1,29233.0,29363.41,29420.3,29318.0,,-102.3,-0.348,29369.15,183292.67,5382097652.79
40,29492.1,29233.0,29363.41,29420.3,29318.0,,-102.3,-0.348,29369.15,183292.67,5382097652.79
41,29492.1,29233.0,29363.41,29420.3,29317.9,,-102.4,-0.348,29369.1,183292.869,5382103487.05
42,29492.1,29233.0,29363.41,29420.3,29317.9,,-102.4,-0.348,29369.1,183292.869,5382103487.05
43,29492.1,29233.0,29363.41,29420.3,29318.0,,-102.3,-0.348,29369.15,183292.67,5382097652.79
44,29492.1,29233.0,29363.41,29420.3,29317.9,,-102.4,-0.348,29369.1,183292.869,5382103487.05
45,29492.1,29233.0,29363.41,29420.3,29317.9,,-102.4,-0.348,29369.1,183292.869,5382103487.05
46,29492.1,29233.0,29363.41,29420.3,29317.9,,-102.4,-0.348,29369.1,183292.869,5382103487.05
47,29492.1,29233.0,29363.41,29420.3,29317.9,,-102.4,-0.348,29369.1,183292.869,5382103487.05
48,29492.1,29233.0,29363.41,29420.3,29317.9,,-102.4,-0.348,29369.1,183292.869,5382103487.05
49,29492.1,29233.0,29363.41,29420.3,29317.9,,-102.4,-0.348,29369.1,183292.869,5382103487.05
50,29492.1,29233.0,29363.41,29420.3,29317.9,,-102.4,-0.348,29369.1,183292.869,5382103487.05
51,29492.1,29233.0,29363.41,29420.3,29317.9,,-102.4,-0.348,29369.1,183292.869,5382103487.05
52,29492.1,29233.0,29363.41,29420.3,29317.9,,-102.4,-0.348,29369.1,183292.869,5382103487.05
53,29492.1,29233.0,29363.41,29420.3,29317.9,,-102.4,-0.348,29369.1,183292.869,5382103487.05
54,29492.1,29233.0,29363.41,29420.3,29317.9,,-102.4,-0.348,29369.1,183292.869,5382103487.05
55,29492.1,29233.0,29363.41,29420.3,29318.0,,-102.3,-0.348,29369.15,183292.887,5382104014.77
56,29492.1,29233.0,29363.41,29420.3,29318.0,,-102.3,-0.348,29369.15,183292.887,5382104014.77
57,29492.1,29233.0,29363.41,29420.3,29318.0,,-102.3,-0.348,29369.15,183292.887,5382104014.77
58,29492.1,29233.0,29363.41,29420.3,29318.0,,-102.3,-0.348,29369.15,183292.887,5382104014.77
59,29492.1,29233.0,29363.41,29420.3,29317.9,,-102.4,-0.348,29369.1,183292.869,5382103487.05
60,29492.1,29233.0,29363.41,29420.3,29318.0,,-102.3,-0.348,29369.15,183292.887,5382104014.77
61,29492.1,29233.0,29363.41,29420.3,29318.0,,-102.3,-0.348,29369.15,183292.887,5382104014.77
62,29492.1,29233.0,29363.41,29420.3,29318.0,,-102.3,-0.348,29369.15,183292.887,5382104014.77
63,29492.1,29233.0,29363.41,29420.3,29318.0,,-102.3,-0.348,29369.15,183292.887,5382104014.77
64,29492.1,29233.0,29363.41,29420.3,29318.0,,-102.3,-0.348,29369.15,183292.887,5382104014.77
65,29492.1,29233.0,29363.41,29420.3,29318.0,,-102.3,-0.348,29369.15,183292.887,5382104014.77
66,29492.1,29233.0,29363.41,29420.3,29318.0,,-102.3,-0.348,29369.15,183292.887,5382104014.77
67,29492.1,29233.0,29363.41,29420.3,29318.0,,-102.3,-0.348,29369.15,183292.887,5382104014.77
68,29492.1,29233.0,29363.41,29420.3,29318.0,,-102.3,-0.348,29369.15,183292.887,5382104014.77
69,29492.1,29233.0,29363.41,29420.3,29318.0,,-102.3,-0.348,29369.15,183292.887,5382104014.77
70,29492.1,29233.0,29363.41,29420.3,29318.0,,-102.3,-0.348,29369.15,183292.887,5382104014.77
71,29492.1,29233.0,29363.41,29420.3,29318.0,,-102.3,-0.348,29369.15,183292.887,5382104014.77
72,29492.1,29233.0,29363.41,29420.3,29318.0,,-102.3,-0.348,29369.15,183292.907,5382104601.13
73,29492.1,29233.0,29363.41,29420.3,29318.0,,-102.3,-0.348,29369.15,183292.907,5382104601.13
74,29492.1,29233.0,29363.41,29420.3,29318.0,,-102.3,-0.348,29369.15,183292.887,5382104014.77
75,29492.1,29233.0,29363.41,29420.3,29318.0,,-102.3,-0.348,29369.15,183292.907,5382104601.13
76,29492.1,29233.0,29363.41,29420.3,29318.0,,-102.3,-0.348,29369.15,183292.907,5382104601.13
77,29492.1,29233.0,29363.41,29420.3,29318.0,,-102.3,-0.348,29369.15,183292.907,5382104601.13
78,29492.1,29233.0,29363.41,29420.3,29318.0,,-102.3,-0.348,29369.15,183292.907,5382104601.13
79,29492.1,29233.0,29363.41,29420.3,29318.0,,-102.3,-0.348,29369.15,183292.907,5382104601.13
80,29492.1,29233.0,29363.41,29420.3,29318.0,,-102.3,-0.348,29369.15,183292.907,5382104601.13
81,29492.1,29233.0,29363.41,29420.3,29318.0,,-102.3,-0.348,29369.15,183292.953,5382105949.76
82,29492.1,29233.0,29363.41,29420.3,29318.0,,-102.3,-0.348,29369.15,183292.907,5382104601.13
83,29492.1,29233.0,29363.41,29420.3,29318.0,,-102.3,-0.348,29369.15,183292.907,5382104601.13
84,29492.1,29233.0,29363.41,29420.3,29318.0,,-102.3,-0.348,29369.15,183292.953,5382105949.76
85,29492.1,29233.0,29363.41,29420.3,29318.0,,-102.3,-0.348,29369.15,183292.907,5382104601.13
86,29492.1,29233.0,29363.41,29420.3,29318.0,,-102.3,-0.348,29369.15,183292.953,5382105949.76
87,29492.1,29233.0,29363.41,29420.3,29318.0,,-102.3,-0.348,29369.15,183292.953,5382105949.76
88,29492.1,29233.0,29363.41,29420.3,29318.0,,-102.3,-0.348,29369.15,183292.953,5382105949.76
89,29492.1,29233.0,29363.41,29420.3,29318.0,,-102.3,-0.348,29369.15,183292.953,5382105949.76
90,29492.1,29233.0,29363.41,29420.3,29318.0,,-102.3,-0.348,29369.15,183292.907,5382104601.13
91,29492.1,29233.0,29363.41,29420.3,29318.0,,-102.3,-0.348,29369.15,183292.953,5382105949.76
92,29492.1,29233.0,29363.41,29420.3,29318.0,,-102.3,-0.348,29369.15,183292.953,5382105949.76
93,29492.1,29233.0,29363.41,29420.3,29318.0,,-102.3,-0.348,29369.15,183292.953,5382105949.76
94,29492.1,29233.0,29363.41,29420.3,29318.0,,-102.3,-0.348,29369.15,183292.953,5382105949.76
95,29492.1,29233.0,29363.41,29420.3,29318.0,,-102.3,-0.348,29369.15,183292.953,5382105949.76
96,29492.1,29233.0,29363.41,29420.3,29318.0,,-102.3,-0.348,29369.15,183292.953,5382105949.76
97,29492.1,29233.0,29363.41,29420.3,29318.0,,-102.3,-0.348,29369.15,183292.953,5382105949.76
98,29492.1,29233.0,29363.41,29420.3,29318.0,,-102.3,-0.348,29369.15,183292.953,5382105949.76
99,29492.1,29233.0,29363.41,29420.3,29318.0,,-102.3,-0.348,29369.15,183293.115,5382110699.28
100,29492.1,29233.0,29363.41,29420.3,29318.0,,-102.3,-0.348,29369.15,183293.115,5382110699.28
101,29492.1,29233.0,29363.41,29420.3,29318.0,,-102.3,-0.348,29369.15,183293.115,5382110699.28
102,29492.1,29233.0,29363.41,29420.3,29318.0,,-102.3,-0.348,29369.15,183293.115,5382110699.28
103,29492.1,29233.0,29363.41,29420.3,29318.0,,-102.3,-0.348,29369.15,183292.953,5382105949.76
104,29492.1,29233.0,29363.41,29420.3,29318.0,,-102.3,-0.348,29369.15,183293.115,5382110699.28
105,29492.1,29233.0,29363.41,29420.3,29318.0,,-102.3,-0.348,29369.15,183293.115,5382110699.28
106,29492.1,29233.0,29363.41,29420.3,29318.0,,-102.3,-0.348,29369.15,183293.115,5382110699.28
107,29492.1,29233.0,29363.41,29420.3,29318.0,,-102.3,-0.348,29369.15,183293.115,5382110699.28
108,29492.1,29233.0,29363.41,29420.3,29318.0,,-102.3,-0.348,29369.15,183293.115,5382110699.28
109,29492.1,29233.0,29363.41,29420.3,29318.0,,-102.3,-0.348,29369.15,183293.115,5382110699.28
110,29492.1,29233.0,29363.41,29420.3,29318.0,,-102.3,-0.348,29369.15,183293.115,5382110699.28
111,29492.1,29233.0,29363.41,29420.3,29318.0,,-102.3,-0.348,29369.15,183293.115,5382110699.28
112,29492.1,29233.0,29363.41,29420.3,29318.0,,-102.3,-0.348,29369.15,183293.115,5382110699.28
113,29492.1,29233.0,29363.41,29420.3,29318.0,,-102.3,-0.348,29369.15,183293.115,5382110699.28
114,29492.1,29233.0,29363.41,29420.3,29318.0,,-102.3,-0.348,29369.15,183293.115,5382110699.28
115,29492.1,29233.0,29363.41,29420.3,29318.0,,-102.3,-0.348,29369.15,183293.115,5382110699.28
116,29492.1,29233.0,29363.41,29420.3,29318.0,,-102.3,-0.348,29369.15,183293.115,5382110699.28
117,29492.1,29233.0,29363.41,29420.3,29318.0,,-102.3,-0.348,29369.15,183293.173,5382112399.72
118,29492.1,29233.0,29363.41,29420.3,29318.0,,-102.3,-0.348,29369.15,183293.173,5382112399.72
119,29492.1,29233.0,29363.41,29420.3,29318.0,,-102.3,-0.348,29369.15,183293.173,5382112399.72
120,29492.1,29233.0,29363.41,29420.3,29318.0,,-102.3,-0.348,29369.15,183293.173,5382112399.72
121,29492.1,29233.0,29363.41,29420.3,29318.0,,-102.3,-0.348,29369.15,183293.173,5382112399.72
122,29492.1,29233.0,29363.41,29420.3,29318.0,,-102.3,-0.348,29369.15,183293.173,5382112399.72
123,29492.1,29233.0,29363.41,29420.3,29318.0,,-102.3,-0.348,29369.15,183293.173,5382112399.72
124,29492.1,29233.0,29363.41,29420.3,29318.0,,-102.3,-0.348,29369.15,183293.173,5382112399.72
125,29492.1,29233.0,29363.41,29420.3,29318.0,,-102.3,-0.348,29369.15,183293.173,5382112399.72
126,29492.1,29233.0,29363.41,29420.3,29318.0,,-102.3,-0.348,29369.15,183293.173,5382112399.72
127,29492.1,29233.0,29363.41,29420.3,29318.0,,-102.3,-0.348,29369.15,183293.173,5382112399.72
128,29492.1,29233.0,29363.41,29420.3,29318.0,,-102.3,-0.348,29369.15,183293.934,5382134710.64
129,29492.1,29233.0,29363.41,29420.3,29318.0,,-102.3,-0.348,29369.15,183293.934,5382134710.64
130,29492.1,29233.0,29363.41,29420.3,29318.0,,-102.3,-0.348,29369.15,183293.934,5382134710.64
131,29492.1,29233.0,29363.41,29420.3,29318.0,,-102.3,-0.348,29369.15,183293.934,5382134710.64
132,29492.1,29233.0,29363.41,29420.3,29318.0,,-102.3,-0.348,29369.15,183293.934,5382134710.64
133,29492.1,29233.0,29363.41,29420.3,29318.0,,-102.3,-0.348,29369.15,183293.934,5382134710.64
134,29492.1,29233.0,29363.41,29420.3,29318.0,,-102.3,-0.348,29369.15,183293.934,5382134710.64
135,29492.1,29233.0,29363.41,29420.3,29318.0,,-102.3,-0.348,29369.15,183293.934,5382134710.64
136,29492.1,29233.0,29363.41,29420.3,29318.0,,-102.3,-0.348,29369.15,183293.934,5382134710.64
137,29492.1,29233.0,29363.41,29420.3,29318.0,,-102.3,-0.348,29369.15,183293.934,5382134710.64
138,29492.1,29233.0,29363.41,29420.3,29318.0,,-102.3,-0.348,29369.15,183293.934,5382134710.64
139,29492.1,29233.0,29363.41,29420.3,29318.0,,-102.3,-0.348,29369.15,183293.934,5382134710.64
140,29492.1,29233.0,29363.41,29420.3,29318.0,,-102.3,-0.348,29369.15,183293.934,5382134710.64
141,29492.1,29233.0,29363.41,29420.3,29318.0,,-102.3,-0.348,29369.15,183293.934,5382134710.64
142,29492.1,29233.0,29363.41,29420.3,29318.0,,-102.3,-0.348,29369.15,183293.934,5382134710.64
143,29492.1,29233.0,29363.41,29420.3,29318.0,,-102.3,-0.348,29369.15,183293.934,5382134710.64
144,29492.1,29233.0,29363.41,29420.3,29318.0,,-102.3,-0.348,29369.15,183293.934,5382134710.64
145,29492.1,29233.0,29363.41,29420.3,29318.0,,-102.3,-0.348,29369.15,183293.94,5382134886.55
146,29492.1,29233.0,29363.41,29420.3,29318.0,,-102.3,-0.348,29369.15,183293.934,5382134710.64
147,29492.1,29233.0,29363.41,29420.3,29318.0,,-102.3,-0.348,29369.15,183293.94,5382134886.55
148,29492.1,29233.0,29363.41,29420.3,29318.0,,-102.3,-0.348,29369.15,183293.934,5382134710.64
149,29492.1,29233.0,29363.41,29420.3,29318.0,,-102.3,-0.348,29369.15,183293.94,5382134886.55
150,29492.1,29233.0,29363.41,29420.3,29318.0,,-102.3,-0.348,29369.15,183293.94,5382134886.55
151,29492.1,29233.0,29363.41,29420.3,29318.0,,-102.3,-0.348,29369.15,183293.94,5382134886.55
152,29492.1,29233.0,29363.41,29420.3,29318.0,,-102.3,-0.348,29369.15,183293.94,5382134886.55
153,29492.1,29233.0,29363.41,29420.3,29318.0,,-102.3,-0.348,29369.15,183293.94,5382134886.55
154,29492.1,29233.0,29363.41,29420.3,29318.0,,-102.3,-0.348,29369.15,183293.94,5382134886.55
155,29492.1,29233.0,29363.41,29420.3,29318.0,,-102.3,-0.348,29369.15,183293.94,5382134886.55
156,29492.1,29233.0,29363.41,29420.3,29318.0,,-102.3,-0.348,29369.15,183293.94,5382134886.55
157,29492.1,29233.0,29363.41,29420.3,29318.0,,-102.3,-0.348,29369.15,183293.94,5382134886.55
158,29492.1,29233.0,29363.41,29420.3,29318.0,,-102.3,-0.348,29369.15,183294.3,5382145440.99
159,29492.1,29233.0,29363.41,29420.3,29318.0,,-102.3,-0.348,29369.15,183293.94,5382134886.55
160,29492.1,29233.0,29363.41,29420.3,29318.0,,-102.3,-0.348,29369.15,183294.3,5382145440.99
161,29492.1,29233.0,29363.41,29420.3,29318.0,,-102.3,-0.348,29369.15,183294.3,5382145440.99
162,29492.1,29233.0,29363.41,29420.3,29318.0,,-102.3,-0.348,29369.15,183293.94,5382134886.55
163,29492.1,29233.0,29363.41,29420.3,29318.0,,-102.3,-0.348,29369.15,183293.94,5382134886.55
164,29492.1,29233.0,29363.41,29420.3,29318.0,,-102.3,-0.348,29369.15,183294.3,5382145440.99
165,29492.1,29233.0,29363.41,29420.3,29318.0,,-102.3,-0.348,29369.15,183293.94,5382134886.55
166,29492.1,29233.0,29363.41,29420.3,29318.0,,-102.3,-0.348,29369.15,183294.3,5382145440.99
167,29492.1,29233.0,29363.41,29420.3,29318.0,,-102.3,-0.348,29369.15,183294.3,5382145440.99
168,29492.1,29233.0,29363.41,29420.3,29318.0,,-102.3,-0.348,29369.15,183294.3,5382145440.99
169,29492.1,29233.0,29363.41,29420.3,29318.0,,-102.3,-0.348,29369.15,183294.3,5382145440.99
170,29492.1,29233.0,29363.41,29420.3,29318.0,,-102.3,-0.348,29369.15,183294.3,5382145440.99
171,29492.1,29233.0,29363.41,29420.3,29318.0,,-102.3,-0.348,29369.15,183294.31,5382145734.17
172,29492.1,29233.0,29363.41,29420.3,29318.0,,-102.3,-0.348,29369.15,183294.31,5382145734.17
173,29492.1,29233.0,29363.41,29420.3,29318.0,,-102.3,-0.348,29369.15,183294.3,5382145440.99
174,29492.1,29233.0,29363.41,29420.3,29318.0,,-102.3,-0.348,29369.15,183294.3,5382145440.99
175,29492.1,29233.0,29363.41,29420.3,29318.0,,-102.3,-0.348,29369.15,183294.31,5382145734.17
176,29492.1,29233.0,29363.41,29420.3,29318.0,,-102.3,-0.348,29369.15,183294.31,5382145734.17
177,29492.1,29233.0,29363.41,29420.3,29318.0,,-102.3,-0.348,29369.15,183294.31,5382145734.17
178,29492.1,29233.0,29363.41,29420.3,29318.0,,-102.3,-0.348,29369.15,183294.31,5382145734.17
179,29492.1,29233.0,29363.41,29420.3,29318.0,,-102.3,-0.348,29369.15,183294.31,5382145734.17
180,29492.1,29233.0,29363.41,29420.3,29318.0,,-102.3,-0.348,29369.15,183294.31,5382145734.17
181,29492.1,29233.0,29363.41,29420.3,29318.0,,-102.3,-0.348,29369.15,183294.31,5382145734.17
182,29492.1,29233.0,29363.41,29420.3,29318.0,,-102.3,-0.348,29369.15,183294.31,5382145734.17
183,29492.1,29233.0,29363.41,29420.3,29318.0,,-102.3,-0.348,29369.15,183294.31,5382145734.17
184,29492.1,29233.0,29363.41,29420.3,29318.0,,-102.3,-0.348,29369.15,183294.31,5382145734.17
185,29492.1,29233.0,29363.41,29420.3,29318.0,,-102.3,-0.348,29369.15,183294.31,5382145734.17
186,29492.1,29233.0,29363.41,29420.3,29318.0,,-102.3,-0.348,29369.15,183294.31,5382145734.17
187,29492.1,29233.0,29363.41,29420.3,29317.9,,-102.4,-0.348,29369.1,183294.859,5382161829.7
188,29492.1,29233.0,29363.41,29420.3,29318.0,,-102.3,-0.348,29369.15,183294.31,5382145734.17
189,29492.1,29233.0,29363.41,29420.3,29317.9,,-102.4,-0.348,29369.1,183294.859,5382161829.7
190,29492.1,29233.0,29363.41,29420.3,29317.9,,-102.4,-0.348,29369.1,183294.859,5382161829.7
191,29492.1,29233.0,29363.41,29420.3,29317.9,,-102.4,-0.348,29369.1,183294.859,5382161829.7
192,29492.1,29233.0,29363.41,29420.3,29318.0,,-102.3,-0.348,29369.15,183294.31,5382145734.17
193,29492.1,29233.0,29363.41,29420.3,29317.9,,-102.4,-0.348,29369.1,183294.859,5382161829.7
194,29492.1,29233.0,29363.41,29420.3,29317.9,,-102.4,-0.348,29369.1,183294.859,5382161829.7
195,29492.1,29233.0,29363.41,29420.3,29317.9,,-102.4,-0.348,29369.1,183294.859,5382161829.7
196,29492.1,29233.0,29363.41,29420.3,29317.9,,-102.4,-0.348,29369.1,183294.859,5382161829.7
197,29492.1,29233.0,29363.41,29420.3,29317.9,,-102.4,-0.348,29369.1,183294.859,5382161829.7
198,29492.1,29233.0,29363.41,29420.3,29317.9,,-102.4,-0.348,29369.1,183294.859,5382161829.7
199,29492.1,29233.0,29363.41,29420.3,29317.9,,-102.4,-0.348,29369.1,183294.859,5382161829.7
200,29492.1,29233.0,29363.41,29420.3,29317.9,,-102.4,-0.348,29369.1,183294.859,5382161829.7
201,29492.1,29233.0,29363.41,29420.3,29317.9,,-102.4,-0.348,29369.1,183294.859,5382161829.7
202,29492.1,29233.0,29363.41,29420.3,29317.9,,-102.4,-0.348,29369.1,183294.859,5382161829.7
203,29492.1,29233.0,29363.41,29420.3,29317.9,,-102.4,-0.348,29369.1,183294.859,5382161829.7
204,29492.1,29233.0,29363.41,29420.3,29318.0,,-102.3,-0.348,29369.15,183294.87,5382162152.2
205,29492.1,29233.0,29363.41,29420.3,29318.0,,-102.3,-0.348,29369.15,183294.87,5382162152.2
206,29492.1,29233.0,29363.41,29420.3,29318.0,,-102.3,-0.348,29369.15,183294.87,5382162152.2
207,29492.1,29233.0,29363.41,29420.3,29318.0,,-102.3,-0.348,29369.15,183294.87,5382162152.2
208,29492.1,29233.0,29363.41,29420.3,29318.0,,-102.3,-0.348,29369.15,183294.87,5382162152.2
209,29492.1,29233.0,29363.41,29420.3,29317.9,,-102.4,-0.348,29369.1,183294.859,5382161829.7
210,29492.1,29233.0,29363.41,29420.3,29318.0,,-102.3,-0.348,29369.15,183294.87,5382162152.2
211,29492.1,29233.0,29363.41,29420.3,29318.0,,-102.3,-0.348,29369.15,183294.87,5382162152.2
212,29492.1,29233.0,29363.41,29420.3,29318.0,,-102.3,-0.348,29369.15,183294.87,5382162152.2
213,29492.1,29233.0,29363.41,29420.3,29318.0,,-102.3,-0.348,29369.15,183294.87,5382162152.2
214,29492.1,29233.0,29363.41,29420.3,29318.0,,-102.3,-0.348,29369.15,183294.87,5382162152.2
215,29492.1,29233.0,29363.41,29420.3,29318.0,,-102.3,-0.348,29369.15,183294.87,5382162152.2
216,29492.1,29233.0,29363.41,29420.3,29318.0,,-102.3,-0.348,29369.15,183294.87,5382162152.2
217,29492.1,29233.0,29363.41,29420.3,29318.0,,-102.3,-0.348,29369.15,183294.87,5382162152.2
218,29492.1,29233.0,29363.41,29420.3,29318.0,,-102.3,-0.348,29369.15,183294.87,5382162152.2
219,29492.1,29233.0,29363.41,29420.3,29317.9,,-102.4,-0.348,29369.1,183295.68,5382185899.72
220,29492.1,29233.0,29363.41,29420.3,29317.9,,-102.4,-0.348,29369.1,183295.68,5382185899.72
221,29492.1,29233.0,29363.41,29420.3,29317.9,,-102.4,-0.348,29369.1,183295.68,5382185899.72
222,29492.1,29233.0,29363.41,29420.3,29318.0,,-102.3,-0.348,29369.15,183294.87,5382162152.2
223,29492.1,29233.0,29363.41,29420.3,29317.9,,-102.4,-0.348,29369.1,183295.68,5382185899.72
224,29492.1,29233.0,29363.41,29420.3,29317.9,,-102.4,-0.348,29369.1,183295.68,5382185899.72
225,29492.1,29233.0,29363.41,29420.3,29317.9,,-102.4,-0.348,29369.1,183295.68,5382185899.72
226,29492.1,29233.0,29363.41,29420.3,29317.9,,-102.4,-0.348,29369.1,183295.68,5382185899.72
227,29492.1,29233.0,29363.41,29420.3,29317.9,,-102.4,-0.348,29369.1,183295.68,5382185899.72
228,29492.1,29233.0,29363.41,29420.3,29317.9,,-102.4,-0.348,29369.1,183295.68,5382185899.72
229,29492.1,29233.0,29363.41,29420.3,29317.9,,-102.4,-0.348,29369.1,183295.68,5382185899.72
230,29492.1,29233.0,29363.41,29420.3,29317.9,,-102.4,-0.348,29369.1,183295.68,5382185899.72
231,29492.1,29233.0,29363.41,29420.3,29317.9,,-102.4,-0.348,29369.1,183295.68,5382185899.72
232,29492.1,29233.0,29363.41,29420.3,29317.9,,-102.4,-0.348,29369.1,183295.716,5382186955.16
233,29492.1,29233.0,29363.41,29420.3,29317.9,,-102.4,-0.348,29369.1,183295.716,5382186955.16
234,29492.1,29233.0,29363.41,29420.3,29317.9,,-102.4,-0.348,29369.1,183295.716,5382186955.16
235,29492.1,29233.0,29363.41,29420.3,29317.9,,-102.4,-0.348,29369.1,183295.68,5382185899.72
236,29492.1,29233.0,29363.41,29420.3,29317.9,,-102.4,-0.348,29369.1,183295.716,5382186955.16
237,29492.1,29233.0,29363.41,29420.3,29317.9,,-102.4,-0.348,29369.1,183295.716,5382186955.16
238,29492.1,29233.0,29363.41,29420.3,29317.9,,-102.4,-0.348,29369.1,183295.716,5382186955.16
239,29492.1,29233.0,29363.41,29420.3,29317.9,,-102.4,-0.348,29369.1,183295.716,5382186955.16
240,29492.1,29233.0,29363.41,29420.3,29317.9,,-102.4,-0.348,29369.1,183295.716,5382186955.16
241,29492.1,29233.0,29363.41,29420.3,29317.9,,-102.4,-0.348,29369.1,183295.716,5382186955.16
242,29492.1,29233.0,29363.41,29420.3,29317.9,,-102.4,-0.348,29369.1,183295.716,5382186955.16
243,29492.1,29233.0,29363.41,29420.3,29317.9,,-102.4,-0.348,29369.1,183295.716,5382186955.16
244,29492.1,29233.0,29363.41,29420.3,29317.9,,-102.4,-0.348,29369.1,183295.716,5382186955.16
245,29492.1,29233.0,29363.41,29420.3,29317.9,,-102.4,-0.348,29369.1,183295.716,5382186955.16
246,29492.1,29233.0,29363.41,29420.3,29317.9,,-102.4,-0.348,29369.1,183295.716,5382186955.16
247,29492.1,29233.0,29363.41,29420.3,29317.9,,-102.4,-0.348,29369.1,183295.716,5382186955.16
248,29492.1,29233.0,29363.41,29420.3,29317.9,,-102.4,-0.348,29369.1,183295.944,5382193639.66
249,29492.1,29233.0,29363.41,29420.3,29317.9,,-102.4,-0.348,29369.1,183295.944,5382193639.66
250,29492.1,29233.0,29363.41,29420.3,29317.9,,-102.4,-0.348,29369.1,183295.944,5382193639.66
251,29492.1,29233.0,29363.41,29420.3,29317.9,,-102.4,-0.348,29369.1,183295.944,5382193639.66
252,29492.1,29233.0,29363.41,29420.3,29317.9,,-102.4,-0.348,29369.1,183295.944,5382193639.66
253,29492.1,29233.0,29363.41,29420.3,29317.9,,-102.4,-0.348,29369.1,183295.944,5382193639.66
254,29492.1,29233.0,29363.41,29420.3,29317.9,,-102.4,-0.348,29369.1,183295.944,5382193639.66
255,29492.1,29233.0,29363.41,29420.3,29317.9,,-102.4,-0.348,29369.1,183295.716,5382186955.16
256,29492.1,29233.0,29363.41,29420.3,29317.9,,-102.4,-0.348,29369.1,183295.944,5382193639.66
257,29492.1,29233.0,29363.41,29420.3,29317.9,,-102.4,-0.348,29369.1,183295.944,5382193639.66
258,29492.1,29233.0,29363.41,29420.3,29317.9,,-102.4,-0.348,29369.1,183295.944,5382193639.66
259,29492.1,29233.0,29363.41,29420.3,29317.9,,-102.4,-0.348,29369.1,183295.944,5382193639.66
260,29492.1,29233.0,29363.41,29420.3,29317.9,,-102.4,-0.348,29369.1,183295.944,5382193639.66
261,29492.1,29233.0,29363.41,29420.3,29317.9,,-102.4,-0.348,29369.1,183295.944,5382193639.66
262,29492.1,29233.0,29363.41,29420.3,29317.9,,-102.4,-0.348,29369.1,183295.944,5382193639.66
263,29492.1,29233.0,29363.41,29420.3,29317.9,,-102.4,-0.348,29369.1,183295.944,5382193639.66
264,29492.1,29233.0,29363.41,29420.3,29317.9,,-102.4,-0.348,29369.1,183295.944,5382193639.66
265,29492.1,29233.0,29363.41,29420.3,29317.9,,-102.4,-0.348,29369.1,183295.944,5382193639.66
266,29492.1,29233.0,29363.41,29420.3,29317.9,,-102.4,-0.348,29369.1,183295.944,5382193639.66
267,29492.1,29233.0,29363.41,29420.3,29317.9,,-102.4,-0.348,29369.1,183295.944,5382193639.66
268,29492.1,29233.0,29363.41,29420.3,29317.9,,-102.4,-0.348,29369.1,183295.944,5382193639.66
269,29492.1,29233.0,29363.41,29420.3,29317.9,,-102.4,-0.348,29369.1,183295.944,5382193639.66
270,29492.1,29233.0,29363.41,29420.3,29317.9,,-102.4,-0.348,29369.1,183295.944,5382193639.66
271,29492.1,29233.0,29363.41,29420.3,29317.9,,-102.4,-0.348,29369.1,183295.944,5382193639.66
272,29492.1,29233.0,29363.41,29420.3,29317.9,,-102.4,-0.348,29369.1,183295.944,5382193639.66
273,29492.1,29233.0,29363.41,29420.3,29317.9,,-102.4,-0.348,29369.1,183295.944,5382193639.66
274,29492.1,29233.0,29363.41,29420.3,29317.9,,-102.4,-0.348,29369.1,183295.944,5382193639.66
275,29492.1,29233.0,29363.41,29420.3,29317.9,,-102.4,-0.348,29369.1,183295.944,5382193639.66
276,29492.1,29233.0,29363.41,29420.3,29317.9,,-102.4,-0.348,29369.1,183295.944,5382193639.66
277,29492.1,29233.0,29363.41,29420.3,29317.9,,-102.4,-0.348,29369.1,183295.944,5382193639.66
278,29492.1,29233.0,29363.41,29420.3,29317.9,,-102.4,-0.348,29369.1,183295.945,5382193668.98
279,29492.1,29233.0,29363.41,29420.3,29317.9,,-102.4,-0.348,29369.1,183295.945,5382193668.98
280,29492.1,29233.0,29363.41,29420.3,29317.9,,-102.4,-0.348,29369.1,183295.945,5382193668.98
281,29492.1,29233.0,29363.41,29420.3,29317.9,,-102.4,-0.348,29369.1,183295.945,5382193668.98
282,29492.1,29233.0,29363.41,29420.3,29317.9,,-102.4,-0.348,29369.1,183295.944,5382193639.66
283,29492.1,29233.0,29363.41,29420.3,29317.9,,-102.4,-0.348,29369.1,183295.944,5382193639.66
284,29492.1,29233.0,29363.41,29420.3,29317.9,,-102.4,-0.348,29369.1,183295.945,5382193668.98
285,29492.1,29233.0,29363.41,29420.3,29317.9,,-102.4,-0.348,29369.1,183295.945,5382193668.98
286,29492.1,29233.0,29363.41,29420.3,29317.9,,-102.4,-0.348,29369.1,183295.945,5382193668.98
287,29492.1,29233.0,29363.41,29420.3,29317.9,,-102.4,-0.348,29369.1,183295.945,5382193668.98
288,29492.1,29233.0,29363.41,29420.3,29317.9,,-102.4,-0.348,29369.1,183295.945,5382193668.98
289,29492.1,29233.0,29363.41,29420.3,29317.9,,-102.4,-0.348,29369.1,183295.945,5382193668.98
290,29492.1,29233.0,29363.41,29420.3,29317.9,,-102.4,-0.348,29369.1,183295.945,5382193668.98
291,29492.1,29233.0,29363.41,29420.3,29317.9,,-102.4,-0.348,29369.1,183295.945,5382193668.98
292,29492.1,29233.0,29363.41,29420.3,29317.9,,-102.4,-0.348,29369.1,183295.945,5382193668.98
293,29492.1,29233.0,29363.41,29420.3,29317.9,,-102.4,-0.348,29369.1,183295.945,5382193668.98
294,29492.1,29233.0,29363.41,29420.3,29318.0,,-102.3,-0.348,29369.15,183296.049,5382196718.04
295,29492.1,29233.0,29363.41,29420.3,29318.0,,-102.3,-0.348,29369.15,183296.049,5382196718.04
296,29492.1,29233.0,29363.41,29420.3,29318.0,,-102.3,-0.348,29369.15,183296.049,5382196718.04
297,29492.1,29233.0,29363.41,29420.3,29317.9,,-102.4,-0.348,29369.1,183295.945,5382193668.98
298,29492.1,29233.0,29363.41,29420.3,29317.9,,-102.4,-0.348,29369.1,183295.945,5382193668.98
299,29492.1,29233.0,29363.41,29420.3,29318.0,,-102.3,-0.348,29369.15,183296.049,5382196718.04
300,29492.1,29233.0,29363.41,29420.3,29318.0,,-102.3,-0.348,29369.15,183296.049,5382196718.04
301,29492.1,29233.0,29363.41,29420.3,29318.0,,-102.3,-0.348,29369.15,183296.049,5382196718.04
302,29492.1,29233.0,29363.41,29420.3,29318.0,,-102.3,-0.348,29369.15,183296.049,5382196718.04
303,29492.1,29233.0,29363.41,29420.3,29318.0,,-102.3,-0.348,29369.15,183296.049,5382196718.04
304,29492.1,29233.0,29363.41,29420.3,29318.0,,-102.3,-0.348,29369.15,183296.049,5382196718.04
305,29492.1,29233.0,29363.41,29420.3,29318.0,,-102.3,-0.348,29369.15,183296.049,5382196718.04
306,29492.1,29233.0,29363.41,29420.3,29318.0,,-102.3,-0.348,29369.15,183296.049,5382196718.04
307,29492.1,29233.0,29363.41,29420.3,29318.0,,-102.3,-0.348,29369.15,183296.088,5382197861.44
308,29492.1,29233.0,29363.41,29420.3,29318.0,,-102.3,-0.348,29369.15,183296.049,5382196718.04
309,29492.1,29233.0,29363.41,29420.3,29318.0,,-102.3,-0.348,29369.15,183296.088,5382197861.44
310,29492.1,29233.0,29363.41,29420.3,29318.0,,-102.3,-0.348,29369.15,183296.049,5382196718.04
311,29492.1,29233.0,29363.41,29420.3,29318.0,,-102.3,-0.348,29369.15,183296.088,5382197861.44
312,29492.1,29233.0,29363.41,29420.3,29318.0,,-102.3,-0.348,29369.15,183296.049,5382196718.04
313,29492.1,29233.0,29363.41,29420.3,29318.0,,-102.3,-0.348,29369.15,183296.088,5382197861.44
314,29492.1,29233.0,29363.41,29420.3,29318.0,,-102.3,-0.348,29369.15,183296.088,5382197861.44
315,29492.1,29233.0,29363.41,29420.3,29318.0,,-102.3,-0.348,29369.15,183296.088,5382197861.44
316,29492.1,29233.0,29363.41,29420.3,29318.0,,-102.3,-0.348,29369.15,183296.088,5382197861.44
317,29492.1,29233.0,29363.41,29420.3,29318.0,,-102.3,-0.348,29369.15,183296.088,5382197861.44
318,29492.1,29233.0,29363.41,29420.3,29318.0,,-102.3,-0.348,29369.15,183296.088,5382197861.44
319,29492.1,29233.0,29363.41,29420.3,29318.0,,-102.3,-0.348,29369.15,183296.088,5382197861.44
320,29492.1,29233.0,29363.41,29420.3,29318.0,,-102.3,-0.348,29369.15,183296.088,5382197861.44
321,29492.1,29233.0,29363.41,29420.3,29317.9,,-102.4,-0.348,29369.1,183297.407,5382236531.75
322,29492.1,29233.0,29363.41,29420.3,29317.9,,-102.4,-0.348,29369.1,183297.407,5382236531.75
323,29492.1,29233.0,29363.41,29420.3,29318.0,,-102.3,-0.348,29369.15,183296.088,5382197861.44
324,29492.1,29233.0,29363.41,29420.3,29318.0,,-102.3,-0.348,29369.15,183296.088,5382197861.44
325,29492.1,29233.0,29363.41,29420.3,29317.9,,-102.4,-0.348,29369.1,183297.407,5382236531.75
326,29492.1,29233.0,29363.41,29420.3,29317.9,,-102.4,-0.348,29369.1,183297.407,5382236531.75
327,29492.1,29233.0,29363.41,29420.3,29317.9,,-102.4,-0.348,29369.1,183297.407,5382236531.75
328,29492.1,29233.0,29363.41,29420.3,29317.9,,-102.4,-0.348,29369.1,183297.407,5382236531.75
329,29492.1,29233.0,29363.41,29420.3,29317.9,,-102.4,-0.348,29369.1,183297.407,5382236531.75
330,29492.1,29233.0,29363.41,29420.3,29317.9,,-102.4,-0.348,29369.1,183297.407,5382236531.75
331,29492.1,29233.0,29363.41,29420.3,29317.9,,-102.4,-0.348,29369.1,183297.407,5382236531.75
332,29492.1,29233.0,29363.41,29420.3,29317.9,,-102.4,-0.348,29369.1,183297.407,5382236531.75
333,29492.1,29233.0,29363.41,29420.3,29317.9,,-102.4,-0.348,29369.1,183297.407,5382236531.75
334,29492.1,29233.0,29363.41,29420.3,29317.9,,-102.4,-0.348,29369.1,183297.407,5382236531.75
335,29492.1,29233.0,29363.41,29420.3,29317.9,,-102.4,-0.348,29369.1,183297.407,5382236531.75
336,29492.1,29233.0,29363.41,29420.3,29317.9,,-102.4,-0.348,29369.1,183297.407,5382236531.75
337,29492.1,29233.0,29363.41,29420.3,29317.9,,-102.4,-0.348,29369.1,183297.407,5382236531.75
338,29492.1,29233.0,29363.41,29420.3,29317.9,,-102.4,-0.348,29369.1,183297.407,5382236531.75
339,29492.1,29233.0,29363.41,29420.3,29317.9,,-102.4,-0.348,29369.1,183297.407,5382236531.75
340,29492.1,29233.0,29363.41,29420.3,29317.9,,-102.4,-0.348,29369.1,183297.407,5382236531.75
341,29492.1,29233.0,29363.41,29420.3,29317.9,,-102.4,-0.348,29369.1,183297.407,5382236531.75
342,29492.1,29233.0,29363.41,29420.3,29317.9,,-102.4,-0.348,29369.1,183297.407,5382236531.75
343,29492.1,29233.0,29363.41,29420.3,29317.9,,-102.4,-0.348,29369.1,183297.407,5382236531.75
344,29492.1,29233.0,29363.41,29420.3,29317.9,,-102.4,-0.348,29369.1,183297.407,5382236531.75
345,29492.1,29233.0,29363.41,29420.3,29317.9,,-102.4,-0.348,29369.1,183297.407,5382236531.75
346,29492.1,29233.0,29363.41,29420.3,29317.9,,-102.4,-0.348,29369.1,183297.407,5382236531.75
347,29492.1,29233.0,29363.41,29420.3,29317.9,,-102.4,-0.348,29369.1,183297.407,5382236531.75
348,29492.1,29233.0,29363.41,29420.3,29317.9,,-102.4,-0.348,29369.1,183297.407,5382236531.75
349,29492.1,29233.0,29363.41,29420.3,29317.9,,-102.4,-0.348,29369.1,183297.407,5382236531.75
350,29492.1,29233.0,29363.41,29420.3,29317.9,,-102.4,-0.348,29369.1,183297.407,5382236531.75
351,29492.1,29233.0,29363.41,29420.3,29317.9,,-102.4,-0.348,29369.1,183297.407,5382236531.75
352,29492.1,29233.0,29363.41,29420.3,29317.9,,-102.4,-0.348,29369.1,183297.407,5382236531.75
353,29492.1,29233.0,29363.41,29420.3,29317.9,,-102.4,-0.348,29369.1,183297.407,5382236531.75
354,29492.1,29233.0,29363.41,29420.3,29317.9,,-102.4,-0.348,29369.1,183297.407,5382236531.75
355,29492.1,29233.0,29363.41,29420.3,29317.9,,-102.4,-0.348,29369.1,183299.635,5382301852.03
356,29492.1,29233.0,29363.41,29420.3,29317.9,,-102.4,-0.348,29369.1,183297.407,5382236531.75
357,29492.1,29233.0,29363.41,29420.3,29317.9,,-102.4,-0.348,29369.1,183297.407,5382236531.75
358,29492.1,29233.0,29363.41,29420.3,29317.9,,-102.4,-0.348,29369.1,183299.635,5382301852.03
359,29492.1,29233.0,29363.41,29420.3,29317.9,,-102.4,-0.348,29369.1,183299.635,5382301852.03
360,29492.1,29233.0,29363.41,29420.3,29317.9,,-102.4,-0.348,29369.1,183299.635,5382301852.03
361,29492.1,29233.0,29363.41,29420.3,29317.9,,-102.4,-0.348,29369.1,183299.635,5382301852.03
362,29492.1,29233.0,29363.41,29420.3,29317.9,,-102.4,-0.348,29369.1,183299.635,5382301852.03
363,29492.1,29233.0,29363.41,29420.3,29317.9,,-102.4,-0.348,29369.1,183299.635,5382301852.03
364,29492.1,29233.0,29363.41,29420.3,29317.9,,-102.4,-0.348,29369.1,183299.635,5382301852.03
365,29492.1,29233.0,29363.41,29420.3,29317.9,,-102.4,-0.348,29369.1,183299.635,5382301852.03
366,29492.1,29233.0,29363.41,29420.3,29318.0,,-102.3,-0.348,29369.15,183300.453,5382325834.08
367,29492.1,29233.0,29363.41,29420.3,29318.0,,-102.3,-0.348,29369.15,183300.453,5382325834.08
368,29492.1,29233.0,29363.41,29420.3,29318.0,,-102.3,-0.348,29369.15,183300.453,5382325834.08
369,29492.1,29233.0,29363.41,29420.3,29317.9,,-102.4,-0.348,29369.1,183299.635,5382301852.03
370,29492.1,29233.0,29363.41,29420.3,29318.0,,-102.3,-0.348,29369.15,183300.453,5382325834.08
371,29492.1,29233.0,29363.41,29420.3,29318.0,,-102.3,-0.348,29369.15,183300.453,5382325834.08
372,29492.1,29233.0,29363.41,29420.3,29317.9,,-102.4,-0.348,29369.1,183299.635,5382301852.03
373,29492.1,29233.0,29363.41,29420.3,29317.9,,-102.4,-0.348,29369.1,183299.635,5382301852.03
374,29492.1,29233.0,29363.41,29420.3,29317.9,,-102.4,-0.348,29369.1,183299.635,5382301852.03
375,29492.1,29233.0,29363.41,29420.3,29318.0,,-102.3,-0.348,29369.15,183300.453,5382325834.08
376,29492.1,29233.0,29363.41,29420.3,29318.0,,-102.3,-0.348,29369.15,183300.453,5382325834.08
377,29492.1,29233.0,29363.41,29420.3,29318.0,,-102.3,-0.348,29369.15,183300.453,5382325834.08
378,29492.1,29233.0,29363.41,29420.3,29318.0,,-102.3,-0.348,29369.15,183300.453,5382325834.08
379,29492.1,29233.0,29363.41,29420.3,29318.0,,-102.3,-0.348,29369.15,183300.453,5382325834.08
380,29492.1,29233.0,29363.41,29420.3,29318.0,,-102.3,-0.348,29369.15,183301.095,5382344656.23
381,29492.1,29233.0,29363.41,29420.3,29318.0,,-102.3,-0.348,29369.15,183300.453,5382325834.08
382,29492.1,29233.0,29363.41,29420.3,29318.0,,-102.3,-0.348,29369.15,183300.453,5382325834.08
383,29492.1,29233.0,29363.41,29420.3,29318.0,,-102.3,-0.348,29369.15,183301.095,5382344656.23
384,29492.1,29233.0,29363.41,29420.3,29318.0,,-102.3,-0.348,29369.15,183300.453,5382325834.08
385,29492.1,29233.0,29363.41,29420.3,29318.0,,-102.3,-0.348,29369.15,183300.453,5382325834.08
386,29492.1,29233.0,29363.41,29420.3,29318.0,,-102.3,-0.348,29369.15,183301.095,5382344656.23
387,29492.1,29233.0,29363.41,29420.3,29318.0,,-102.3,-0.348,29369.15,183301.095,5382344656.23
388,29492.1,29233.0,29363.41,29420.3,29318.0,,-102.3,-0.348,29369.15,183301.095,5382344656.23
389,29492.1,29233.0,29363.41,29420.3,29318.0,,-102.3,-0.348,29369.15,183301.095,5382344656.23
390,29492.1,29233.0,29363.41,29420.3,29318.0,,-102.3,-0.348,29369.15,183300.453,5382325834.08
391,29492.1,29233.0,29363.41,29420.3,29318.0,,-102.3,-0.348,29369.15,183301.095,5382344656.23
392,29492.1,29233.0,29363.41,29420.3,29318.0,,-102.3,-0.348,29369.15,183301.095,5382344656.23
393,29492.1,29233.0,29363.41,29420.3,29318.0,,-102.3,-0.348,29369.15,183301.095,5382344656.23
394,29492.1,29233.0,29363.41,29420.3,29318.0,,-102.3,-0.348,29369.15,183301.095,5382344656.23
395,29492.1,29233.0,29363.41,29420.3,29318.0,,-102.3,-0.348,29369.15,183301.095,5382344656.23
396,29492.1,29233.0,29363.41,29420.3,29318.0,,-102.3,-0.348,29369.15,183301.095,5382344656.23
397,29492.1,29233.0,29363.41,29420.3,29318.0,,-102.3,-0.348,29369.15,183301.398,5382353539.58
398,29492.1,29233.0,29363.41,29420.3,29318.0,,-102.3,-0.348,29369.15,183301.095,5382344656.23
399,29492.1,29233.0,29363.41,29420.3,29318.0,,-102.3,-0.348,29369.15,183301.398,5382353539.58
400,29492.1,29233.0,29363.41,29420.3,29318.0,,-102.3,-0.348,29369.15,183301.398,5382353539.58
401,29492.1,29233.0,29363.41,29420.3,29318.0,,-102.3,-0.348,29369.15,183301.398,5382353539.58
402,29492.1,29233.0,29363.41,29420.3,29318.0,,-102.3,-0.348,29369.15,183301.398,5382353539.58
403,29492.1,29233.0,29363.41,29420.3,29318.0,,-102.3,-0.348,29369.15,183301.095,5382344656.23
404,29492.1,29233.0,29363.41,29420.3,29318.0,,-102.3,-0.348,29369.15,183301.398,5382353539.58
405,29492.1,29233.0,29363.41,29420.3,29318.0,,-102.3,-0.348,29369.15,183301.095,5382344656.23
406,29492.1,29233.0,29363.41,29420.3,29318.0,,-102.3,-0.348,29369.15,183301.398,5382353539.58
407,29492.1,29233.0,29363.41,29420.3,29318.0,,-102.3,-0.348,29369.15,183301.398,5382353539.58
408,29492.1,29233.0,29363.41,29420.3,29318.0,,-102.3,-0.348,29369.15,183301.398,5382353539.58
409,29492.1,29233.0,29363.41,29420.3,29318.0,,-102.3,-0.348,29369.15,183301.398,5382353539.58
410,29492.1,29233.0,29363.41,29420.3,29318.0,,-102.3,-0.348,29369.15,183301.398,5382353539.58
411,29492.1,29233.0,29363.41,29420.3,29317.9,,-102.4,-0.348,29369.1,183301.431,5382354507.07
412,29492.1,29233.0,29363.41,29420.3,29318.0,,-102.3,-0.348,29369.15,183301.398,5382353539.58
413,29492.1,29233.0,29363.41,29420.3,29318.0,,-102.3,-0.348,29369.15,183301.398,5382353539.58
414,29492.1,29233.0,29363.41,29420.3,29318.0,,-102.3,-0.348,29369.15,183301.398,5382353539.58
415,29492.1,29233.0,29363.41,29420.3,29318.0,,-102.3,-0.348,29369.15,183301.398,5382353539.58
416,29492.1,29233.0,29363.41,29420.3,29318.0,,-102.3,-0.348,29369.15,183301.398,5382353539.58
417,29492.1,29233.0,29363.41,29420.3,29318.0,,-102.3,-0.348,29369.15,183301.398,5382353539.58
418,29492.1,29233.0,29363.41,29420.3,29318.0,,-102.3,-0.348,29369.15,183301.398,5382353539.58
419,29492.1,29233.0,29363.41,29420.3,29318.0,,-102.3,-0.348,29369.15,183301.398,5382353539.58
420,29492.1,29233.0,29363.41,29420.3,29317.9,,-102.4,-0.348,29369.1,183301.431,5382354507.07
421,29492.1,29233.0,29363.41,29420.3,29317.9,,-102.4,-0.348,29369.1,183301.431,5382354507.07
422,29492.1,29233.0,29363.41,29420.3,29317.9,,-102.4,-0.348,29369.1,183301.431,5382354507.07
423,29492.1,29233.0,29363.41,29420.3,29317.9,,-102.4,-0.348,29369.1,183301.431,5382354507.07
424,29492.1,29233.0,29363.41,29420.3,29317.9,,-102.4,-0.348,29369.1,183301.431,5382354507.07
425,29492.1,29233.0,29363.41,29420.3,29317.9,,-102.4,-0.348,29369.1,183301.431,5382354507.07
426,29492.1,29233.0,29363.41,29420.3,29318.0,,-102.3,-0.348,29369.15,183302.051,5382372684.23
427,29492.1,29233.0,29363.41,29420.3,29317.9,,-102.4,-0.348,29369.1,183301.431,5382354507.07
428,29492.1,29233.0,29363.41,29420.3,29317.9,,-102.4,-0.348,29369.1,183301.431,5382354507.07
429,29492.1,29233.0,29363.41,29420.3,29317.9,,-102.4,-0.348,29369.1,183301.431,5382354507.07
430,29492.1,29233.0,29363.41,29420.3,29317.9,,-102.4,-0.348,29369.1,183301.431,5382354507.07
431,29492.1,29233.0,29363.41,29420.3,29317.9,,-102.4,-0.348,29369.1,183301.431,5382354507.07
432,29492.1,29233.0,29363.41,29420.3,29317.9,,-102.4,-0.348,29369.1,183301.431,5382354507.07
433,29492.1,29233.0,29363.41,29420.3,29318.0,,-102.3,-0.348,29369.15,183302.051,5382372684.23
434,29492.1,29233.0,29363.41,29420.3,29317.9,,-102.4,-0.348,29369.1,183301.431,5382354507.07
435,29492.1,29233.0,29363.41,29420.3,29317.9,,-102.4,-0.348,29369.1,183301.431,5382354507.07
436,29492.1,29233.0,29363.41,29420.3,29317.9,,-102.4,-0.348,29369.1,183301.431,5382354507.07
437,29492.1,29233.0,29363.41,29420.3,29318.0,,-102.3,-0.348,29369.15,183302.051,5382372684.23
438,29492.1,29233.0,29363.41,29420.3,29317.9,,-102.4,-0.348,29369.1,183301.431,5382354507.07
439,29492.1,29233.0,29363.41,29420.3,29318.0,,-102.3,-0.348,29369.15,183302.051,5382372684.23
440,29492.1,29233.0,29363.41,29420.3,29318.0,,-102.3,-0.348,29369.15,183302.051,5382372684.23
441,29492.1,29233.0,29363.41,29420.3,29318.0,,-102.3,-0.348,29369.15,183302.051,5382372684.23
442,29492.1,29233.0,29363.41,29420.3,29318.0,,-102.3,-0.348,29369.15,183302.051,5382372684.23
443,29492.1,29233.0,29363.41,29420.3,29318.0,,-102.3,-0.348,29369.15,183302.051,5382372684.23
444,29492.1,29233.0,29363.41,29420.3,29318.0,,-102.3,-0.348,29369.15,183302.2,5382377052.6
445,29492.1,29233.0,29363.41,29420.3,29318.0,,-102.3,-0.348,29369.15,183302.051,5382372684.23
446,29492.1,29233.0,29363.41,29420.3,29318.0,,-102.3,-0.348,29369.15,183302.051,5382372684.23
447,29492.1,29233.0,29363.41,29420.3,29318.0,,-102.3,-0.348,29369.15,183302.051,5382372684.23
448,29492.1,29233.0,29363.41,29420.3,29318.0,,-102.3,-0.348,29369.15,183302.2,5382377052.6
449,29492.1,29233.0,29363.41,29420.3,29318.0,,-102.3,-0.348,29369.15,183302.051,5382372684.23
450,29492.1,29233.0,29363.41,29420.3,29318.0,,-102.3,-0.348,29369.15,183302.2,5382377052.6
451,29492.1,29233.0,29363.41,29420.3,29318.0,,-102.3,-0.348,29369.15,183302.2,5382377052.6
452,29492.1,29233.0,29363.41,29420.3,29318.0,,-102.3,-0.348,29369.15,183302.2,5382377052.6
453,29492.1,29233.0,29363.41,29420.3,29318.0,,-102.3,-0.348,29369.15,183302.2,5382377052.6
454,29492.1,29233.0,29363.41,29420.3,29318.0,,-102.3,-0.348,29369.15,183302.2,5382377052.6
455,29492.1,29233.0,29363.41,29420.3,29318.0,,-102.3,-0.348,29369.15,183302.2,5382377052.6
456,29492.1,29233.0,29363.41,29420.3,29318.0,,-102.3,-0.348,29369.15,183302.2,5382377052.6
457,29492.1,29233.0,29363.41,29420.3,29318.0,,-102.3,-0.348,29369.15,183302.2,5382377052.6
458,29492.1,29233.0,29363.41,29420.3,29318.0,,-102.3,-0.348,29369.15,183302.2,5382377052.6
459,29492.1,29233.0,29363.41,29420.3,29318.0,,-102.3,-0.348,29369.15,183302.2,5382377052.6
460,29492.1,29233.0,29363.41,29420.3,29318.0,,-102.3,-0.348,29369.15,183302.2,5382377052.6
461,29492.1,29233.0,29363.41,29420.3,29318.0,,-102.3,-0.348,29369.15,183302.257,5382378723.73
462,29492.1,29233.0,29363.41,29420.3,29318.0,,-102.3,-0.348,29369.15,183302.2,5382377052.6
463,29492.1,29233.0,29363.41,29420.3,29318.0,,-102.3,-0.348,29369.15,183302.2,5382377052.6
464,29492.1,29233.0,29363.41,29420.3,29318.0,,-102.3,-0.348,29369.15,183302.257,5382378723.73
465,29492.1,29233.0,29363.41,29420.3,29318.0,,-102.3,-0.348,29369.15,183302.2,5382377052.6
466,29492.1,29233.0,29363.41,29420.3,29318.0,,-102.3,-0.348,29369.15,183302.257,5382378723.73
467,29492.1,29233.0,29363.41,29420.3,29318.0,,-102.3,-0.348,29369.15,183302.257,5382378723.73
468,29492.1,29233.0,29363.41,29420.3,29318.0,,-102.3,-0.348,29369.15,183302.257,5382378723.73
469,29492.1,29233.0,29363.41,29420.3,29318.0,,-102.3,-0.348,29369.15,183302.257,5382378723.73
470,29492.1,29233.0,29363.41,29420.3,29318.0,,-102.3,-0.348,29369.15,183302.257,5382378723.73
471,29492.1,29233.0,29363.41,29420.3,29318.0,,-102.3,-0.348,29369.15,183302.257,5382378723.73
472,29492.1,29233.0,29363.41,29420.3,29318.0,,-102.3,-0.348,29369.15,183302.257,5382378723.73
473,29492.1,29233.0,29363.41,29420.3,29318.0,,-102.3,-0.348,29369.15,183302.257,5382378723.73
474,29492.1,29233.0,29363.41,29420.3,29318.0,,-102.3,-0.348,29369.15,183302.257,5382378723.73
475,29492.1,29233.0,29363.41,29420.3,29318.0,,-102.3,-0.348,29369.15,183302.257,5382378723.73
476,29492.1,29233.0,29363.41,29420.3,29318.0,,-102.3,-0.348,29369.15,183302.257,5382378723.73
477,29492.1,29233.0,29363.41,29420.3,29318.0,,-102.3,-0.348,29369.15,183302.257,5382378723.73
478,29492.1,29233.0,29363.41,29420.3,29318.0,,-102.3,-0.348,29369.15,183302.257,5382378723.73
479,29492.1,29233.0,29363.41,29420.3,29318.0,,-102.3,-0.348,29369.15,183302.994,5382400331.1
480,29492.1,29233.0,29363.41,29420.3,29318.0,,-102.3,-0.348,29369.15,183302.994,5382400331.1
481,29492.1,29233.0,29363.41,29420.3,29318.0,,-102.3,-0.348,29369.15,183302.994,5382400331.1
482,29492.1,29233.0,29363.41,29420.3,29318.0,,-102.3,-0.348,29369.15,183302.994,5382400331.1
483,29492.1,29233.0,29363.41,29420.3,29318.0,,-102.3,-0.348,29369.15,183302.994,5382400331.1
484,29492.1,29233.0,29363.41,29420.3,29318.0,,-102.3,-0.348,29369.15,183302.994,5382400331.1
485,29492.1,29233.0,29363.41,29420.3,29318.0,,-102.3,-0.348,29369.15,183302.994,5382400331.1
486,29492.1,29233.0,29363.41,29420.3,29318.0,,-102.3,-0.348,29369.15,183302.994,5382400331.1
487,29492.1,29233.0,29363.41,29420.3,29318.0,,-102.3,-0.348,29369.15,183302.994,5382400331.1
488,29492.1,29233.0,29363.41,29420.3,29318.0,,-102.3,-0.348,29369.15,183302.994,5382400331.1
489,29492.1,29233.0,29363.41,29420.3,29318.0,,-102.3,-0.348,29369.15,183302.994,5382400331.1
490,29492.1,29233.0,29363.41,29420.3,29318.0,,-102.3,-0.348,29369.15,183302.994,5382400331.1
491,29492.1,29233.0,29363.41,29420.3,29318.0,,-102.3,-0.348,29369.15,183302.994,5382400331.1
492,29492.1,29233.0,29363.41,29420.3,29318.0,,-102.3,-0.348,29369.15,183302.994,5382400331.1
493,29492.1,29233.0,29363.41,29420.3,29318.0,,-102.3,-0.348,29369.15,183302.994,5382400331.1
494,29492.1,29233.0,29363.41,29420.3,29318.0,,-102.3,-0.348,29369.15,183302.994,5382400331.1
495,29492.1,29233.0,29363.41,29420.3,29317.1,,-103.2,-0.351,29368.7,183305.283,5382467439.7
496,29492.1,29233.0,29363.41,29420.3,29317.1,,-103.2,-0.351,29368.7,183305.283,5382467439.7
497,29492.1,29233.0,29363.41,29420.3,29317.1,,-103.2,-0.351,29368.7,183305.283,5382467439.7
498,29492.1,29233.0,29363.41,29420.3,29317.1,,-103.2,-0.351,29368.7,183305.283,5382467439.7
499,29492.1,29233.0,29363.41,29420.3,29317.1,,-103.2,-0.351,29368.7,183305.283,5382467439.7
500,29492.1,29233.0,29363.41,29420.3,29317.1,,-103.2,-0.351,29368.7,183305.283,5382467439.7
501,29492.1,29233.0,29363.41,29420.3,29317.1,,-103.2,-0.351,29368.7,183305.283,5382467439.7
502,29492.1,29233.0,29363.41,29420.3,29317.1,,-103.2,-0.351,29368.7,183305.283,5382467439.7
503,29492.1,29233.0,29363.41,29420.3,29317.1,,-103.2,-0.351,29368.7,183305.283,5382467439.7
504,29492.1,29233.0,29363.41,29420.3,29317.1,,-103.2,-0.351,29368.7,183305.283,5382467439.7
505,29492.1,29233.0,29363.41,29420.3,29317.1,,-103.2,-0.351,29368.7,183305.283,5382467439.7
506,29492.1,29233.0,29363.41,29420.3,29317.1,,-103.2,-0.351,29368.7,183305.283,5382467439.7
507,29492.1,29233.0,29363.41,29420.3,29317.1,,-103.2,-0.351,29368.7,183305.283,5382467439.7
508,29492.1,29233.0,29363.41,29420.3,29317.1,,-103.2,-0.351,29368.7,183305.283,5382467439.7
509,29492.1,29233.0,29363.41,29420.3,29317.1,,-103.2,-0.351,29368.7,183305.283,5382467439.7
510,29492.1,29233.0,29363.41,29420.3,29317.1,,-103.2,-0.351,29368.7,183305.283,5382467439.7
511,29492.1,29233.0,29363.41,29420.3,29317.1,,-103.2,-0.351,29368.7,183305.283,5382467439.7
512,29492.1,29233.0,29363.41,29420.3,29317.1,,-103.2,-0.351,29368.7,183305.283,5382467439.7
513,29492.1,29233.0,29363.41,29420.3,29317.1,,-103.2,-0.351,29368.7,183305.283,5382467439.7
514,29492.1,29233.0,29363.41,29420.3,29317.1,,-103.2,-0.351,29368.7,183305.283,5382467439.7
515,29492.1,29233.0,29363.41,29420.3,29317.1,,-103.2,-0.351,29368.7,183305.283,5382467439.7
516,29492.1,29233.0,29363.41,29420.3,29317.1,,-103.2,-0.351,29368.7,183305.283,5382467439.7
517,29492.1,29233.0,29363.41,29420.3,29317.1,,-103.2,-0.351,29368.7,183305.283,5382467439.7
518,29492.1,29233.0,29363.41,29420.3,29317.1,,-103.2,-0.351,29368.7,183305.283,5382467439.7
519,29492.1,29233.0,29363.41,29420.3,29317.1,,-103.2,-0.351,29368.7,183305.283,5382467439.7
520,29492.1,29233.0,29363.41,29420.3,29317.1,,-103.2,-0.351,29368.7,183305.283,5382467439.7
521,29492.1,29233.0,29363.41,29420.3,29317.1,,-103.2,-0.351,29368.7,183305.283,5382467439.7
522,29492.1,29233.0,29363.41,29420.3,29317.1,,-103.2,-0.351,29368.7,183305.283,5382467439.7
523,29492.1,29233.0,29363.41,29420.3,29317.1,,-103.2,-0.351,29368.7,183305.283,5382467439.7
524,29492.1,29233.0,29363.41,29420.3,29317.1,,-103.2,-0.351,29368.7,183307.806,5382541406.74
525,29492.1,29233.0,29363.41,29420.3,29317.1,,-103.2,-0.351,29368.7,183305.283,5382467439.7
526,29492.1,29233.0,29363.41,29420.3,29317.1,,-103.2,-0.351,29368.7,183307.806,5382541406.74
527,29492.1,29233.0,29363.41,29420.3,29317.1,,-103.2,-0.351,29368.7,183307.806,5382541406.74
528,29492.1,29233.0,29363.41,29420.3,29317.1,,-103.2,-0.351,29368.7,183307.806,5382541406.74
529,29492.1,29233.0,29363.41,29420.3,29317.1,,-103.2,-0.351,29368.7,183307.806,5382541406.74
530,29492.1,29233.0,29363.41,29420.3,29317.1,,-103.2,-0.351,29368.7,183307.806,5382541406.74
531,29492.1,29233.0,29363.41,29420.3,29317.1,,-103.2,-0.351,29368.7,183307.806,5382541406.74
532,29492.1,29233.0,29363.41,29420.3,29317.1,,-103.2,-0.351,29368.7,183307.806,5382541406.74
533,29492.1,29233.0,29363.41,29420.3,29317.1,,-103.2,-0.351,29368.7,183307.806,5382541406.74
534,29492.1,29233.0,29363.41,29420.3,29317.1,,-103.2,-0.351,29368.7,183307.806,5382541406.74
535,29492.1,29233.0,29363.41,29420.3,29317.1,,-103.2,-0.351,29368.7,183307.806,5382541406.74
536,29492.1,29233.0,29363.41,29420.3,29317.1,,-103.2,-0.351,29368.7,183307.806,5382541406.74
537,29492.1,29233.0,29363.41,29420.3,29317.1,,-103.2,-0.351,29368.7,183307.806,5382541406.74
538,29492.1,29233.0,29363.41,29420.3,29317.1,,-103.2,-0.351,29368.7,183307.806,5382541406.74
539,29492.1,29233.0,29363.41,29420.3,29317.1,,-103.2,-0.351,29368.7,183307.806,5382541406.74
540,29492.1,29233.0,29363.4,29420.3,29317.1,,-103.2,-0.351,29368.7,183312.623,5382682627.04
541,29492.1,29233.0,29363.4,29420.3,29317.1,,-103.2,-0.351,29368.7,183312.623,5382682627.04
542,29492.1,29233.0,29363.4,29420.3,29317.1,,-103.2,-0.351,29368.7,183312.623,5382682627.04
543,29492.1,29233.0,29363.4,29420.3,29317.1,,-103.2,-0.351,29368.7,183312.623,5382682627.04
544,29492.1,29233.0,29363.41,29420.3,29317.1,,-103.2,-0.351,29368.7,183307.806,5382541406.74
545,29492.1,29233.0,29363.4,29420.3,29317.1,,-103.2,-0.351,29368.7,183312.623,5382682627.04
546,29492.1,29233.0,29363.4,29420.3,29317.1,,-103.2,-0.351,29368.7,183312.623,5382682627.04
547,29492.1,29233.0,29363.4,29420.3,29317.1,,-103.2,-0.351,29368.7,183312.623,5382682627.04
548,29492.1,29233.0,29363.4,29420.3,29317.1,,-103.2,-0.351,29368.7,183312.623,5382682627.04
549,29492.1,29233.0,29363.4,29420.3,29317.0,,-103.3,-0.351,29368.65,183312.639,5382683096.11
550,29492.1,29233.0,29363.4,29420.3,29317.1,,-103.2,-0.351,29368.7,183312.623,5382682627.04
551,29492.1,29233.0,29363.4,29420.3,29317.1,,-103.2,-0.351,29368.7,183312.623,5382682627.04
552,29492.1,29233.0,29363.4,29420.3,29317.0,,-103.3,-0.351,29368.65,183312.639,5382683096.11
553,29492.1,29233.0,29363.4,29420.3,29317.1,,-103.2,-0.351,29368.7,183312.623,5382682627.04
554,29492.1,29233.0,29363.4,29420.3,29317.0,,-103.3,-0.351,29368.65,183312.639,5382683096.11
555,29492.1,29233.0,29363.4,29420.3,29317.0,,-103.3,-0.351,29368.65,183312.639,5382683096.11
556,29492.1,29233.0,29363.4,29420.3,29317.0,,-103.3,-0.351,29368.65,183312.639,5382683096.11
557,29492.1,29233.0,29363.4,29420.3,29317.0,,-103.3,-0.351,29368.65,183312.639,5382683096.11
558,29492.1,29233.0,29363.4,29420.3,29317.0,,-103.3,-0.351,29368.65,183312.639,5382683096.11
559,29492.1,29233.0,29363.4,29420.3,29317.0,,-103.3,-0.351,29368.65,183312.639,5382683096.11
560,29492.1,29233.0,29363.4,29420.3,29317.0,,-103.3,-0.351,29368.65,183312.639,5382683096.11
561,29492.1,29233.0,29363.4,29420.3,29317.0,,-103.3,-0.351,29368.65,183312.639,5382683096.11
562,29492.1,29233.0,29363.4,29420.3,29317.0,,-103.3,-0.351,29368.65,183312.639,5382683096.11
563,29492.1,29233.0,29363.4,29420.3,29317.0,,-103.3,-0.351,29368.65,183312.639,5382683096.11
564,29492.1,29233.0,29363.4,29420.3,29317.0,,-103.3,-0.351,29368.65,183312.639,5382683096.11
565,29492.1,29233.0,29363.4,29420.3,29317.0,,-103.3,-0.351,29368.65,183312.639,5382683096.11
566,29492.1,29233.0,29363.4,29420.3,29317.0,,-103.3,-0.351,29368.65,183312.639,5382683096.11
567,29492.1,29233.0,29363.4,29420.3,29317.0,,-103.3,-0.351,29368.65,183312.639,5382683096.11
568,29492.1,29233.0,29363.4,29420.3,29317.0,,-103.3,-0.351,29368.65,183313.034,5382694676.33
569,29492.1,29233.0,29363.4,29420.3,29317.0,,-103.3,-0.351,29368.65,183312.639,5382683096.11
570,29492.1,29233.0,29363.4,29420.3,29317.0,,-103.3,-0.351,29368.65,183313.034,5382694676.33
571,29492.1,29233.0,29363.4,29420.3,29317.0,,-103.3,-0.351,29368.65,183313.034,5382694676.33
572,29492.1,29233.0,29363.4,29420.3,29317.0,,-103.3,-0.351,29368.65,183313.034,5382694676.33
573,29492.1,29233.0,29363.4,29420.3,29317.0,,-103.3,-0.351,29368.65,183313.034,5382694676.33
574,29492.1,29233.0,29363.4,29420.3,29317.0,,-103.3,-0.351,29368.65,183313.034,5382694676.33
575,29492.1,29233.0,29363.4,29420.3,29317.0,,-103.3,-0.351,29368.65,183313.034,5382694676.33
576,29492.1,29233.0,29363.4,29420.3,29317.0,,-103.3,-0.351,29368.65,183313.034,5382694676.33
577,29492.1,29233.0,29363.4,29420.3,29317.0,,-103.3,-0.351,29368.65,183313.034,5382694676.33
578,29492.1,29233.0,29363.4,29420.3,29317.0,,-103.3,-0.351,29368.65,183313.034,5382694676.33
579,29492.1,29233.0,29363.4,29420.3,29317.0,,-103.3,-0.351,29368.65,183313.034,5382694676.33
580,29492.1,29233.0,29363.4,29420.3,29317.0,,-103.3,-0.351,29368.65,183313.034,5382694676.33
581,29492.1,29233.0,29363.4,29420.3,29317.0,,-103.3,-0.351,29368.65,183313.034,5382694676.33
582,29492.1,29233.0,29363.4,29420.3,29317.0,,-103.3,-0.351,29368.65,183313.034,5382694676.33
583,29492.1,29233.0,29363.4,29420.3,29317.0,,-103.3,-0.351,29368.65,183313.034,5382694676.33
584,29492.1,29233.0,29363.4,29420.3,29317.0,,-103.3,-0.351,29368.65,183313.034,5382694676.33
585,29492.1,29233.0,29363.4,29420.3,29317.0,,-103.3,-0.351,29368.65,183313.034,5382694676.33
586,29492.1,29233.0,29363.4,29420.3,29317.0,,-103.3,-0.351,29368.65,183313.034,5382694676.33
587,29492.1,29233.0,29363.4,29420.3,29317.0,,-103.3,-0.351,29368.65,183313.034,5382694676.33
588,29492.1,29233.0,29363.4,29420.3,29317.0,,-103.3,-0.351,29368.65,183313.034,5382694676.33
589,29492.1,29233.0,29363.4,29420.3,29317.0,,-103.3,-0.351,29368.65,183313.034,5382694676.33
590,29492.1,29233.0,29363.4,29420.3,29317.0,,-103.3,-0.351,29368.65,183313.034,5382694676.33
591,29492.1,29233.0,29363.4,29420.3,29317.0,,-103.3,-0.351,29368.65,183313.034,5382694676.33
592,29492.1,29233.0,29363.4,29420.3,29317.0,,-103.3,-0.351,29368.65,183313.034,5382694676.33
593,29492.1,29233.0,29363.4,29420.3,29317.0,,-103.3,-0.351,29368.65,183313.034,5382694676.33
594,29492.1,29233.0,29363.4,29420.3,29317.0,,-103.3,-0.351,29368.65,183313.034,5382694676.33
595,29492.1,29233.0,29363.4,29420.3,29317.0,,-103.3,-0.351,29368.65,183313.034,5382694676.33
596,29492.1,29233.0,29363.4,29420.3,29317.0,,-103.3,-0.351,29368.65,183313.034,5382694676.33
597,29492.1,29233.0,29363.4,29420.3,29317.1,,-103.2,-0.351,29368.7,183313.138,5382697725.3
598,29492.1,29233.0,29363.4,29420.3,29317.1,,-103.2,-0.351,29368.7,183313.138,5382697725.3
599,29492.1,29233.0,29363.4,29420.3,29317.1,,-103.2,-0.351,29368.7,183313.138,5382697725.3
600,29492.1,29233.0,29363.4,29420.3,29317.1,,-103.2,-0.351,29368.7,183313.138,5382697725.3
601,29492.1,29233.0,29363.4,29420.3,29317.1,,-103.2,-0.351,29368.7,183313.138,5382697725.3
602,29492.1,29233.0,29363.4,29420.3,29317.1,,-103.2,-0.351,29368.7,183313.138,5382697725.3
603,29492.1,29233.0,29363.4,29420.3,29317.1,,-103.2,-0.351,29368.7,183313.138,5382697725.3
604,29492.1,29233.0,29363.4,29420.3,29317.1,,-103.2,-0.351,29368.7,183313.138,5382697725.3
605,29492.1,29233.0,29363.4,29420.3,29317.1,,-103.2,-0.351,29368.7,183313.138,5382697725.3
606,29492.1,29233.0,29363.4,29420.3,29317.1,,-103.2,-0.351,29368.7,183313.138,5382697725.3
607,29492.1,29233.0,29363.4,29420.3,29317.1,,-103.2,-0.351,29368.7,183313.138,5382697725.3
608,29492.1,29233.0,29363.4,29420.3,29317.1,,-103.2,-0.351,29368.7,183313.138,5382697725.3
609,29492.1,29233.0,29363.4,29420.3,29317.1,,-103.2,-0.351,29368.7,183313.138,5382697725.3
610,29492.1,29233.0,29363.4,29420.3,29317.1,,-103.2,-0.351,29368.7,183321.108,5382931381.8
611,29492.1,29233.0,29363.4,29420.3,29317.1,,-103.2,-0.351,29368.7,183313.138,5382697725.3
612,29492.1,29233.0,29363.4,29420.3,29317.1,,-103.2,-0.351,29368.7,183313.138,5382697725.3
613,29492.1,29233.0,29363.4,29420.3,29317.1,,-103.2,-0.351,29368.7,183313.138,5382697725.3
614,29492.1,29233.0,29363.4,29420.3,29317.1,,-103.2,-0.351,29368.7,183313.138,5382697725.3
615,29492.1,29233.0,29363.4,29420.3,29317.1,,-103.2,-0.351,29368.7,183321.108,5382931381.8
616,29492.1,29233.0,29363.4,29420.3,29317.1,,-103.2,-0.351,29368.7,183321.108,5382931381.8
617,29492.1,29233.0,29363.4,29420.3,29317.1,,-103.2,-0.351,29368.7,183321.108,5382931381.8
618,29492.1,29233.0,29363.4,29420.3,29317.1,,-103.2,-0.351,29368.7,183321.108,5382931381.8
619,29492.1,29233.0,29363.4,29420.3,29317.1,,-103.2,-0.351,29368.7,183321.108,5382931381.8
620,29492.1,29233.0,29363.4,29420.3,29317.1,,-103.2,-0.351,29368.7,183321.108,5382931381.8
621,29492.1,29233.0,29363.4,29420.3,29317.1,,-103.2,-0.351,29368.7,183321.108,5382931381.8
622,29492.1,29233.0,29363.4,29420.3,29317.1,,-103.2,-0.351,29368.7,183321.108,5382931381.8
623,29492.1,29233.0,29363.4,29420.3,29317.1,,-103.2,-0.351,29368.7,183321.108,5382931381.8
624,29492.1,29233.0,29363.4,29420.3,29317.1,,-103.2,-0.351,29368.7,183321.108,5382931381.8
625,29492.1,29233.0,29363.4,29420.3,29317.1,,-103.2,-0.351,29368.7,183321.108,5382931381.8
626,29492.1,29233.0,29363.4,29420.3,29317.1,,-103.2,-0.351,29368.7,183321.108,5382931381.8
627,29492.1,29233.0,29363.4,29420.3,29317.1,,-103.2,-0.351,29368.7,183321.108,5382931381.8
628,29492.1,29233.0,29363.4,29420.3,29317.1,,-103.2,-0.351,29368.7,183321.108,5382931381.8
629,29492.1,29233.0,29363.4,29420.3,29317.1,,-103.2,-0.351,29368.7,183321.119,5382931704.28
630,29492.1,29233.0,29363.4,29420.3,29317.1,,-103.2,-0.351,29368.7,183321.119,5382931704.28
631,29492.1,29233.0,29363.4,29420.3,29317.1,,-103.2,-0.351,29368.7,183321.119,5382931704.28
632,29492.1,29233.0,29363.4,29420.3,29317.1,,-103.2,-0.351,29368.7,183321.119,5382931704.28
633,29492.1,29233.0,29363.4,29420.3,29317.1,,-103.2,-0.351,29368.7,183321.119,5382931704.28
634,29492.1,29233.0,29363.4,29420.3,29317.1,,-103.2,-0.351,29368.7,183321.119,5382931704.28
635,29492.1,29233.0,29363.4,29420.3,29317.1,,-103.2,-0.351,29368.7,183321.119,5382931704.28
636,29492.1,29233.0,29363.4,29420.3,29317.1,,-103.2,-0.351,29368.7,183321.119,5382931704.28
637,29492.1,29233.0,29363.4,29420.3,29317.1,,-103.2,-0.351,29368.7,183321.119,5382931704.28
638,29492.1,29233.0,29363.4,29420.3,29317.1,,-103.2,-0.351,29368.7,183321.119,5382931704.28
639,29492.1,29233.0,29363.4,29420.3,29317.1,,-103.2,-0.351,29368.7,183321.119,5382931704.28
640,29492.1,29233.0,29363.4,29420.3,29317.1,,-103.2,-0.351,29368.7,183321.119,5382931704.28
641,29492.1,29233.0,29363.4,29420.3,29317.1,,-103.2,-0.351,29368.7,183321.119,5382931704.28
642,29492.1,29233.0,29363.4,29420.3,29317.1,,-103.2,-0.351,29368.7,183321.137,5382932231.99
643,29492.1,29233.0,29363.4,29420.3,29317.1,,-103.2,-0.351,29368.7,183321.137,5382932231.99
644,29492.1,29233.0,29363.4,29420.3,29317.1,,-103.2,-0.351,29368.7,183321.137,5382932231.99
645,29492.1,29233.0,29363.4,29420.3,29317.1,,-103.2,-0.351,29368.7,183321.137,5382932231.99
646,29492.1,29233.0,29363.4,29420.3,29317.1,,-103.2,-0.351,29368.7,183321.137,5382932231.99
647,29492.1,29233.0,29363.4,29420.3,29317.1,,-103.2,-0.351,29368.7,183321.137,5382932231.99
648,29492.1,29233.0,29363.4,29420.3,29317.1,,-103.2,-0.351,29368.7,183321.137,5382932231.99
649,29492.1,29233.0,29363.4,29420.3,29317.1,,-103.2,-0.351,29368.7,183321.137,5382932231.99
650,29492.1,29233.0,29363.4,29420.3,29317.1,,-103.2,-0.351,29368.7,183321.137,5382932231.99
651,29492.1,29233.0,29363.4,29420.3,29317.1,,-103.2,-0.351,29368.7,183321.137,5382932231.99
652,29492.1,29233.0,29363.4,29420.3,29317.1,,-103.2,-0.351,29368.7,183321.137,5382932231.99
653,29492.1,29233.0,29363.4,29420.3,29317.1,,-103.2,-0.351,29368.7,183321.137,5382932231.99
654,29492.1,29233.0,29363.4,29420.3,29317.1,,-103.2,-0.351,29368.7,183321.137,5382932231.99
655,29492.1,29233.0,29363.4,29420.3,29317.1,,-103.2,-0.351,29368.7,183321.137,5382932231.99
656,29492.1,29233.0,29363.4,29420.3,29317.1,,-103.2,-0.351,29368.7,183321.139,5382932290.63
657,29492.1,29233.0,29363.4,29420.3,29317.1,,-103.2,-0.351,29368.7,183321.139,5382932290.63
658,29492.1,29233.0,29363.4,29420.3,29317.1,,-103.2,-0.351,29368.7,183321.137,5382932231.99
659,29492.1,29233.0,29363.4,29420.3,29317.1,,-103.2,-0.351,29368.7,183321.139,5382932290.63
660,29492.1,29233.0,29363.4,29420.3,29317.1,,-103.2,-0.351,29368.7,183321.139,5382932290.63
661,29492.1,29233.0,29363.4,29420.3,29317.1,,-103.2,-0.351,29368.7,183321.139,5382932290.63
662,29492.1,29233.0,29363.4,29420.3,29317.1,,-103.2,-0.351,29368.7,183321.139,5382932290.63
663,29492.1,29233.0,29363.4,29420.3,29317.1,,-103.2,-0.351,29368.7,183321.139,5382932290.63
664,29492.1,29233.0,29363.4,29420.3,29317.1,,-103.2,-0.351,29368.7,183321.139,5382932290.63
665,29492.1,29233.0,29363.4,29420.3,29317.1,,-103.2,-0.351,29368.7,183321.139,5382932290.63
666,29492.1,29233.0,29363.4,29420.3,29317.1,,-103.2,-0.351,29368.7,183321.139,5382932290.63
667,29492.1,29233.0,29363.4,29420.3,29317.1,,-103.2,-0.351,29368.7,183321.139,5382932290.63
668,29492.1,29233.0,29363.4,29420.3,29317.1,,-103.2,-0.351,29368.7,183321.139,5382932290.63
669,29492.1,29233.0,29363.4,29420.3,29317.0,,-103.3,-0.351,29368.65,183321.316,5382937479.74
670,29492.1,29233.0,29363.4,29420.3,29317.1,,-103.2,-0.351,29368.7,183321.139,5382932290.63
671,29492.1,29233.0,29363.4,29420.3,29317.1,,-103.2,-0.351,29368.7,183321.139,5382932290.63
672,29492.1,29233.0,29363.4,29420.3,29317.0,,-103.3,-0.351,29368.65,183321.316,5382937479.74
673,29492.1,29233.0,29363.4,29420.3,29317.0,,-103.3,-0.351,29368.65,183321.316,5382937479.74
674,29492.1,29233.0,29363.4,29420.3,29317.0,,-103.3,-0.351,29368.65,183321.316,5382937479.74
675,29492.1,29233.0,29363.4,29420.3,29317.0,,-103.3,-0.351,29368.65,183321.316,5382937479.74
676,29492.1,29233.0,29363.4,29420.3,29317.1,,-103.2,-0.351,29368.7,183321.139,5382932290.63
677,29492.1,29233.0,29363.4,29420.3,29317.0,,-103.3,-0.351,29368.65,183321.316,5382937479.74
678,29492.1,29233.0,29363.4,29420.3,29317.0,,-103.3,-0.351,29368.65,183321.316,5382937479.74
679,29492.1,29233.0,29363.4,29420.3,29317.0,,-103.3,-0.351,29368.65,183321.316,5382937479.74
680,29492.1,29233.0,29363.4,29420.3,29317.0,,-103.3,-0.351,29368.65,183321.316,5382937479.74
681,29492.1,29233.0,29363.4,29420.3,29317.0,,-103.3,-0.351,29368.65,183321.316,5382937479.74
682,29492.1,29233.0,29363.4,29420.3,29317.0,,-103.3,-0.351,29368.65,183321.316,5382937479.74
683,29492.1,29233.0,29363.4,29420.3,29317.0,,-103.3,-0.351,29368.65,183321.316,5382937479.74
684,29492.1,29233.0,29363.4,29420.3,29317.0,,-103.3,-0.351,29368.65,183321.316,5382937479.74
685,29492.1,29233.0,29363.4,29420.3,29317.0,,-103.3,-0.351,29368.65,183321.316,5382937479.74
686,29492.1,29233.0,29363.4,29420.3,29317.0,,-103.3,-0.351,29368.65,183321.316,5382937479.74
687,29492.1,29233.0,29363.4,29420.3,29317.0,,-103.3,-0.351,29368.65,183323.403,5382998664.34
688,29492.1,29233.0,29363.4,29420.3,29317.0,,-103.3,-0.351,29368.65,183321.316,5382937479.74
689,29492.1,29233.0,29363.4,29420.3,29317.0,,-103.3,-0.351,29368.65,183323.403,5382998664.34
690,29492.1,29233.0,29363.4,29420.3,29317.0,,-103.3,-0.351,29368.65,183323.403,5382998664.34
691,29492.1,29233.0,29363.4,29420.3,29317.0,,-103.3,-0.351,29368.65,183323.403,5382998664.34
692,29492.1,29233.0,29363.4,29420.3,29317.0,,-103.3,-0.351,29368.65,183323.403,5382998664.34
693,29492.1,29233.0,29363.4,29420.3,29317.0,,-103.3,-0.351,29368.65,183323.403,5382998664.34
694,29492.1,29233.0,29363.4,29420.3,29317.0,,-103.3,-0.351,29368.65,183323.403,5382998664.34
695,29492.1,29233.0,29363.4,29420.3,29317.0,,-103.3,-0.351,29368.65,183323.403,5382998664.34
696,29492.1,29233.0,29363.4,29420.3,29317.0,,-103.3,-0.351,29368.65,183323.403,5382998664.34
697,29492.1,29233.0,29363.4,29420.3,29317.0,,-103.3,-0.351,29368.65,183323.403,5382998664.34
698,29492.1,29233.0,29363.4,29420.3,29317.0,,-103.3,-0.351,29368.65,183323.403,5382998664.34
699,29492.1,29233.0,29363.4,29420.3,29317.0,,-103.3,-0.351,29368.65,183323.403,5382998664.34
700,29492.1,29233.0,29363.4,29420.3,29317.0,,-103.3,-0.351,29368.65,183323.403,5382998664.34
701,29492.1,29233.0,29363.4,29420.3,29317.0,,-103.3,-0.351,29368.65,183323.403,5382998664.34
702,29492.1,29233.0,29363.4,29420.3,29317.1,,-103.2,-0.351,29368.7,183323.43,5382999455.9
703,29492.1,29233.0,29363.4,29420.3,29317.1,,-103.2,-0.351,29368.7,183323.43,5382999455.9
704,29492.1,29233.0,29363.4,29420.3,29317.1,,-103.2,-0.351,29368.7,183323.43,5382999455.9
705,29492.1,29233.0,29363.4,29420.3,29317.1,,-103.2,-0.351,29368.7,183323.43,5382999455.9
706,29492.1,29233.0,29363.4,29420.3,29317.0,,-103.3,-0.351,29368.65,183323.403,5382998664.34
707,29492.1,29233.0,29363.4,29420.3,29317.0,,-103.3,-0.351,29368.65,183323.403,5382998664.34
708,29492.1,29233.0,29363.4,29420.3,29317.1,,-103.2,-0.351,29368.7,183323.43,5382999455.9
709,29492.1,29233.0,29363.4,29420.3,29317.1,,-103.2,-0.351,29368.7,183323.43,5382999455.9
710,29492.1,29233.0,29363.4,29420.3,29317.1,,-103.2,-0.351,29368.7,183323.43,5382999455.9
711,29492.1,29233.0,29363.4,29420.3,29317.1,,-103.2,-0.351,29368.7,183323.43,5382999455.9
712,29492.1,29233.0,29363.4,29420.3,29317.1,,-103.2,-0.351,29368.7,183323.43,5382999455.9
713,29492.1,29233.0,29363.4,29420.3,29317.1,,-103.2,-0.351,29368.7,183323.43,5382999455.9
714,29492.1,29233.0,29363.4,29420.3,29317.1,,-103.2,-0.351,29368.7,183323.43,5382999455.9
715,29492.1,29233.0,29363.4,29420.3,29317.1,,-103.2,-0.351,29368.7,183323.43,5382999455.9
716,29492.1,29233.0,29363.4,29420.3,29317.1,,-103.2,-0.351,29368.7,183323.43,5382999455.9
717,29492.1,29233.0,29363.4,29420.3,29317.0,,-103.3,-0.351,29368.65,183323.516,5383001977.16
718,29492.1,29233.0,29363.4,29420.3,29317.0,,-103.3,-0.351,29368.65,183323.516,5383001977.16
719,29492.1,29233.0,29363.4,29420.3,29317.1,,-103.2,-0.351,29368.7,183323.43,5382999455.9
720,29492.1,29233.0,29363.4,29420.3,29317.0,,-103.3,-0.351,29368.65,183323.516,5383001977.16
721,29492.1,29233.0,29363.4,29420.3,29317.0,,-103.3,-0.351,29368.65,183323.516,5383001977.16
722,29492.1,29233.0,29363.4,29420.3,29317.0,,-103.3,-0.351,29368.65,183323.516,5383001977.16
723,29492.1,29233.0,29363.4,29420.3,29317.0,,-103.3,-0.351,29368.65,183323.516,5383001977.16
724,29492.1,29233.0,29363.4,29420.3,29317.0,,-103.3,-0.351,29368.65,183323.516,5383001977.16
725,29492.1,29233.0,29363.4,29420.3,29317.0,,-103.3,-0.351,29368.65,183323.516,5383001977.16
726,29492.1,29233.0,29363.4,29420.3,29317.0,,-103.3,-0.351,29368.65,183323.516,5383001977.16
727,29492.1,29233.0,29363.4,29420.3,29317.0,,-103.3,-0.351,29368.65,183323.516,5383001977.16
728,29492.1,29233.0,29363.4,29420.3,29317.0,,-103.3,-0.351,29368.65,183323.516,5383001977.16
729,29492.1,29233.0,29363.4,29420.3,29317.0,,-103.3,-0.351,29368.65,183323.516,5383001977.16
730,29492.1,29233.0,29363.4,29420.3,29317.0,,-103.3,-0.351,29368.65,183323.516,5383001977.16
731,29492.1,29233.0,29363.4,29420.3,29317.0,,-103.3,-0.351,29368.65,183323.516,5383001977.16
732,29492.1,29233.0,29363.4,29420.3,29317.1,,-103.2,-0.351,29368.7,183323.595,5383004293.21
733,29492.1,29233.0,29363.4,29420.3,29317.1,,-103.2,-0.351,29368.7,183323.595,5383004293.21
734,29492.1,29233.0,29363.4,29420.3,29317.1,,-103.2,-0.351,29368.7,183323.595,5383004293.21
735,29492.1,29233.0,29363.4,29420.3,29317.1,,-103.2,-0.351,29368.7,183323.595,5383004293.21
736,29492.1,29233.0,29363.4,29420.3,29317.1,,-103.2,-0.351,29368.7,183323.595,5383004293.21
737,29492.1,29233.0,29363.4,29420.3,29317.1,,-103.2,-0.351,29368.7,183323.595,5383004293.21
738,29492.1,29233.0,29363.4,29420.3,29317.1,,-103.2,-0.351,29368.7,183323.595,5383004293.21
739,29492.1,29233.0,29363.4,29420.3,29317.1,,-103.2,-0.351,29368.7,183323.595,5383004293.21
740,29492.1,29233.0,29363.4,29420.3,29317.1,,-103.2,-0.351,29368.7,183323.595,5383004293.21
741,29492.1,29233.0,29363.4,29420.3,29317.1,,-103.2,-0.351,29368.7,183323.595,5383004293.21
742,29492.1,29233.0,29363.4,29420.3,29317.1,,-103.2,-0.351,29368.7,183323.595,5383004293.21
743,29492.1,29233.0,29363.4,29420.3,29317.1,,-103.2,-0.351,29368.7,183323.595,5383004293.21
744,29492.1,29233.0,29363.4,29420.3,29317.1,,-103.2,-0.351,29368.7,183323.595,5383004293.21
745,29492.1,29233.0,29363.4,29420.3,29317.1,,-103.2,-0.351,29368.7,183323.595,5383004293.21
746,29492.1,29233.0,29363.4,29420.3,29317.1,,-103.2,-0.351,29368.7,183323.595,5383004293.21
747,29492.1,29233.0,29363.4,29420.3,29317.1,,-103.2,-0.351,29368.7,183323.595,5383004293.21
748,29492.1,29233.0,29363.4,29420.3,29317.0,,-103.3,-0.351,29368.65,183324.361,5383026750.07
749,29492.1,29233.0,29363.4,29420.3,29317.1,,-103.2,-0.351,29368.7,183323.595,5383004293.21
750,29492.1,29233.0,29363.4,29420.3,29317.1,,-103.2,-0.351,29368.7,183323.595,5383004293.21
751,29492.1,29233.0,29363.4,29420.3,29317.0,,-103.3,-0.351,29368.65,183324.361,5383026750.07
752,29492.1,29233.0,29363.4,29420.3,29317.0,,-103.3,-0.351,29368.65,183324.361,5383026750.07
753,29492.1,29233.0,29363.4,29420.3,29317.0,,-103.3,-0.351,29368.65,183324.361,5383026750.07
754,29492.1,29233.0,29363.4,29420.3,29317.0,,-103.3,-0.351,29368.65,183324.361,5383026750.07
755,29492.1,29233.0,29363.4,29420.3,29317.0,,-103.3,-0.351,29368.65,183324.361,5383026750.07
756,29492.1,29233.0,29363.4,29420.3,29317.0,,-103.3,-0.351,29368.65,183324.361,5383026750.07
757,29492.1,29233.0,29363.4,29420.3,29317.0,,-103.3,-0.351,29368.65,183324.361,5383026750.07
758,29492.1,29233.0,29363.4,29420.3,29317.0,,-103.3,-0.351,29368.65,183324.361,5383026750.07
759,29492.1,29233.0,29363.4,29420.3,29317.0,,-103.3,-0.351,29368.65,183324.361,5383026750.07
760,29492.1,29233.0,29363.4,29420.3,29317.1,,-103.2,-0.351,29368.7,183324.44,5383029066.12
761,29492.1,29233.0,29363.4,29420.3,29317.1,,-103.2,-0.351,29368.7,183324.44,5383029066.12
762,29492.1,29233.0,29363.4,29420.3,29317.1,,-103.2,-0.351,29368.7,183324.44,5383029066.12
763,29492.1,29233.0,29363.4,29420.3,29317.1,,-103.2,-0.351,29368.7,183324.44,5383029066.12
764,29492.1,29233.0,29363.4,29420.3,29317.1,,-103.2,-0.351,29368.7,183324.44,5383029066.12
765,29492.1,29233.0,29363.4,29420.3,29317.1,,-103.2,-0.351,29368.7,183324.44,5383029066.12
766,29492.1,29233.0,29363.4,29420.3,29317.0,,-103.3,-0.351,29368.65,183324.361,5383026750.07
767,29492.1,29233.0,29363.4,29420.3,29317.1,,-103.2,-0.351,29368.7,183324.44,5383029066.12
768,29492.1,29233.0,29363.4,29420.3,29317.1,,-103.2,-0.351,29368.7,183324.44,5383029066.12
769,29492.1,29233.0,29363.4,29420.3,29317.0,,-103.3,-0.351,29368.65,183324.361,5383026750.07
770,29492.1,29233.0,29363.4,29420.3,29317.1,,-103.2,-0.351,29368.7,183324.44,5383029066.12
771,29492.1,29233.0,29363.4,29420.3,29317.1,,-103.2,-0.351,29368.7,183324.44,5383029066.12
772,29492.1,29233.0,29363.4,29420.3,29317.1,,-103.2,-0.351,29368.7,183324.44,5383029066.12
773,29492.1,29233.0,29363.4,29420.3,29317.1,,-103.2,-0.351,29368.7,183324.44,5383029066.12
774,29492.1,29233.0,29363.4,29420.3,29317.1,,-103.2,-0.351,29368.7,183324.44,5383029066.12
775,29492.1,29233.0,29363.4,29420.3,29317.1,,-103.2,-0.351,29368.7,183324.44,5383029066.12
776,29492.1,29233.0,29363.4,29420.3,29317.1,,-103.2,-0.351,29368.7,183324.44,5383029066.12
777,29492.1,29233.0,29363.4,29420.3,29317.1,,-103.2,-0.351,29368.7,183325.749,5383067442.08
778,29492.1,29233.0,29363.4,29420.3,29317.1,,-103.2,-0.351,29368.7,183324.44,5383029066.12
779,29492.1,29233.0,29363.4,29420.3,29317.1,,-103.2,-0.351,29368.7,183325.749,5383067442.08
780,29492.1,29233.0,29363.4,29420.3,29317.1,,-103.2,-0.351,29368.7,183325.749,5383067442.08
781,29492.1,29233.0,29363.4,29420.3,29317.1,,-103.2,-0.351,29368.7,183325.749,5383067442.08
782,29492.1,29233.0,29363.4,29420.3,29317.1,,-103.2,-0.351,29368.7,183325.749,5383067442.08
783,29492.1,29233.0,29363.4,29420.3,29317.1,,-103.2,-0.351,29368.7,183324.44,5383029066.12
784,29492.1,29233.0,29363.4,29420.3,29317.1,,-103.2,-0.351,29368.7,183325.749,5383067442.08
785,29492.1,29233.0,29363.4,29420.3,29317.1,,-103.2,-0.351,29368.7,183325.749,5383067442.08
786,29492.1,29233.0,29363.4,29420.3,29317.1,,-103.2,-0.351,29368.7,183325.749,5383067442.08
787,29492.1,29233.0,29363.4,29420.3,29317.1,,-103.2,-0.351,29368.7,183325.749,5383067442.08
788,29492.1,29233.0,29363.4,29420.3,29317.1,,-103.2,-0.351,29368.7,183325.749,5383067442.08
789,29492.1,29233.0,29363.4,29420.3,29317.1,,-103.2,-0.351,29368.7,183325.749,5383067442.08
790,29492.1,29233.0,29363.4,29420.3,29317.1,,-103.2,-0.351,29368.7,183325.752,5383067530.03
791,29492.1,29233.0,29363.4,29420.3,29317.1,,-103.2,-0.351,29368.7,183325.749,5383067442.08
792,29492.1,29233.0,29363.4,29420.3,29317.1,,-103.2,-0.351,29368.7,183325.749,5383067442.08
793,29492.1,29233.0,29363.4,29420.3,29317.1,,-103.2,-0.351,29368.7,183325.752,5383067530.03
794,29492.1,29233.0,29363.4,29420.3,29317.1,,-103.2,-0.351,29368.7,183325.752,5383067530.03
795,29492.1,29233.0,29363.4,29420.3,29317.1,,-103.2,-0.351,29368.7,183325.752,5383067530.03
796,29492.1,29233.0,29363.4,29420.3,29317.1,,-103.2,-0.351,29368.7,183325.749,5383067442.08
797,29492.1,29233.0,29363.4,29420.3,29317.1,,-103.2,-0.351,29368.7,183325.752,5383067530.03
798,29492.1,29233.0,29363.4,29420.3,29317.1,,-103.2,-0.351,29368.7,183325.752,5383067530.03
799,29492.1,29233.0,29363.4,29420.3,29317.1,,-103.2,-0.351,29368.7,183325.752,5383067530.03
800,29492.1,29233.0,29363.4,29420.3,29317.1,,-103.2,-0.351,29368.7,183325.752,5383067530.03
801,29492.1,29233.0,29363.4,29420.3,29317.1,,-103.2,-0.351,29368.7,183325.752,5383067530.03
802,29492.1,29233.0,29363.4,29420.3,29317.1,,-103.2,-0.351,29368.7,183325.752,5383067530.03
803,29492.1,29233.0,29363.4,29420.3,29317.1,,-103.2,-0.351,29368.7,183325.752,5383067530.03
804,29492.1,29233.0,29363.4,29420.3,29317.1,,-103.2,-0.351,29368.7,183325.752,5383067530.03
805,29492.1,29233.0,29363.4,29420.3,29317.1,,-103.2,-0.351,29368.7,183325.805,5383069083.83
806,29492.1,29233.0,29363.4,29420.3,29317.1,,-103.2,-0.351,29368.7,183325.805,5383069083.83
807,29492.1,29233.0,29363.4,29420.3,29317.1,,-103.2,-0.351,29368.7,183325.805,5383069083.83
808,29492.1,29233.0,29363.4,29420.3,29317.1,,-103.2,-0.351,29368.7,183325.805,5383069083.83
809,29492.1,29233.0,29363.4,29420.3,29317.1,,-103.2,-0.351,29368.7,183325.805,5383069083.83
810,29492.1,29233.0,29363.4,29420.3,29317.1,,-103.2,-0.351,29368.7,183325.752,5383067530.03
811,29492.1,29233.0,29363.4,29420.3,29317.1,,-103.2,-0.351,29368.7,183325.805,5383069083.83
812,29492.1,29233.0,29363.4,29420.3,29317.1,,-103.2,-0.351,29368.7,183325.805,5383069083.83
813,29492.1,29233.0,29363.4,29420.3,29317.1,,-103.2,-0.351,29368.7,183325.805,5383069083.83
814,29492.1,29233.0,29363.4,29420.3,29317.1,,-103.2,-0.351,29368.7,183325.805,5383069083.83
815,29492.1,29233.0,29363.4,29420.3,29317.1,,-103.2,-0.351,29368.7,183325.805,5383069083.83
816,29492.1,29233.0,29363.4,29420.3,29317.1,,-103.2,-0.351,29368.7,183325.805,5383069083.83
817,29492.1,29233.0,29363.4,29420.3,29317.1,,-103.2,-0.351,29368.7,183325.805,5383069083.83
818,29492.1,29233.0,29363.4,29420.3,29317.1,,-103.2,-0.351,29368.7,183325.805,5383069083.83
819,29492.1,29233.0,29363.4,29420.3,29317.1,,-103.2,-0.351,29368.7,183325.805,5383069083.83
820,29492.1,29233.0,29363.4,29420.3,29317.1,,-103.2,-0.351,29368.7,183325.805,5383069083.83
821,29492.1,29233.0,29363.4,29420.3,29317.1,,-103.2,-0.351,29368.7,183325.805,5383069083.83
822,29492.1,29233.0,29362.89,29395.4,29317.1,,-78.3,-0.266,29356.25,180236.769,5292273190.02
823,29492.1,29233.0,29362.89,29395.4,29317.1,,-78.3,-0.266,29356.25,180236.769,5292273190.02
824,29492.1,29233.0,29362.89,29395.4,29317.1,,-78.3,-0.266,29356.25,180236.769,5292273190.02
825,29492.1,29233.0,29362.89,29395.4,29317.1,,-78.3,-0.266,29356.25,180236.769,5292273190.02
826,29492.1,29233.0,29363.4,29420.3,29317.1,,-103.2,-0.351,29368.7,183325.805,5383069083.83
827,29492.1,29233.0,29362.89,29395.4,29317.1,,-78.3,-0.266,29356.25,180236.769,5292273190.02
828,29492.1,29233.0,29362.89,29395.4,29317.1,,-78.3,-0.266,29356.25,180236.769,5292273190.02
829,29492.1,29233.0,29362.89,29395.4,29317.1,,-78.3,-0.266,29356.25,180236.769,5292273190.02
830,29492.1,29233.0,29362.89,29395.4,29317.1,,-78.3,-0.266,29356.25,180236.769,5292273190.02
831,29492.1,29233.0,29362.89,29395.4,29317.1,,-78.3,-0.266,29356.25,180236.769,5292273190.02
832,29492.1,29233.0,29362.89,29395.4,29317.1,,-78.3,-0.266,29356.25,180236.769,5292273190.02
833,29492.1,29233.0,29362.89,29395.4,29317.1,,-78.3,-0.266,29356.25,180236.769,5292273190.02
834,29492.1,29233.0,29362.89,29395.4,29317.1,,-78.3,-0.266,29356.25,180236.769,5292273190.02
835,29492.1,29233.0,29362.89,29395.4,29317.1,,-78.3,-0.266,29356.25,180236.769,5292273190.02
836,29492.1,29233.0,29362.89,29395.4,29317.1,,-78.3,-0.266,29356.25,180236.769,5292273190.02
837,29492.1,29233.0,29362.89,29395.4,29317.1,,-78.3,-0.266,29356.25,180236.769,5292273190.02
838,29492.1,29233.0,29362.89,29395.4,29317.0,,-78.4,-0.267,29356.2,180236.826,5292274861.09
839,29492.1,29233.0,29362.89,29395.4,29317.0,,-78.4,-0.267,29356.2,180236.826,5292274861.09
840,29492.1,29233.0,29362.89,29395.4,29317.1,,-78.3,-0.266,29356.25,180236.769,5292273190.02
841,29492.1,29233.0,29362.89,29395.4,29317.0,,-78.4,-0.267,29356.2,180236.826,5292274861.09
842,29492.1,29233.0,29362.89,29395.4,29317.0,,-78.4,-0.267,29356.2,180236.826,5292274861.09
843,29492.1,29233.0,29362.89,29395.4,29317.1,,-78.3,-0.266,29356.25,180236.769,5292273190.02
844,29492.1,29233.0,29362.89,29395.4,29317.0,,-78.4,-0.267,29356.2,180236.826,5292274861.09
845,29492.1,29233.0,29362.89,29395.4,29317.0,,-78.4,-0.267,29356.2,180236.826,5292274861.09
846,29492.1,29233.0,29362.89,29395.4,29317.1,,-78.3,-0.266,29356.25,180236.769,5292273190.02
847,29492.1,29233.0,29362.89,29395.4,29317.0,,-78.4,-0.267,29356.2,180236.826,5292274861.09
848,29492.1,29233.0,29362.89,29395.4,29317.0,,-78.4,-0.267,29356.2,180236.826,5292274861.09
849,29492.1,29233.0,29362.89,29395.4,29317.0,,-78.4,-0.267,29356.2,180236.826,5292274861.09
850,29492.1,29233.0,29362.89,29395.4,29317.0,,-78.4,-0.267,29356.2,180236.826,5292274861.09
851,29492.1,29233.0,29362.89,29395.4,29317.0,,-78.4,-0.267,29356.2,180236.826,5292274861.09
852,29492.1,29233.0,29362.89,29395.4,29317.0,,-78.4,-0.267,29356.2,180236.907,5292277235.77
853,29492.1,29233.0,29362.89,29395.4,29317.0,,-78.4,-0.267,29356.2,180236.826,5292274861.09
854,29492.1,29233.0,29362.89,29395.4,29317.0,,-78.4,-0.267,29356.2,180236.907,5292277235.77
855,29492.1,29233.0,29362.89,29395.4,29317.0,,-78.4,-0.267,29356.2,180236.826,5292274861.09
856,29492.1,29233.0,29362.89,29395.4,29317.0,,-78.4,-0.267,29356.2,180236.907,5292277235.77
857,29492.1,29233.0,29362.89,29395.4,29317.0,,-78.4,-0.267,29356.2,180236.907,5292277235.77
858,29492.1,29233.0,29362.89,29395.4,29317.0,,-78.4,-0.267,29356.2,180236.907,5292277235.77
859,29492.1,29233.0,29362.89,29395.4,29317.0,,-78.4,-0.267,29356.2,180236.907,5292277235.77
860,29492.1,29233.0,29362.89,29395.4,29317.0,,-78.4,-0.267,29356.2,180236.826,5292274861.09
861,29492.1,29233.0,29362.89,29395.4,29317.0,,-78.4,-0.267,29356.2,180236.907,5292277235.77
862,29492.1,29233.0,29362.89,29395.4,29317.0,,-78.4,-0.267,29356.2,180236.907,5292277235.77
863,29492.1,29233.0,29362.89,29395.4,29317.0,,-78.4,-0.267,29356.2,180236.907,5292277235.77
864,29492.1,29233.0,29362.89,29395.4,29317.0,,-78.4,-0.267,29356.2,180236.907,5292277235.77
865,29492.1,29233.0,29362.89,29395.4,29317.0,,-78.4,-0.267,29356.2,180236.907,5292277235.77
866,29492.1,29233.0,29362.89,29395.4,29317.0,,-78.4,-0.267,29356.2,180236.907,5292277235.77
867,29492.1,29233.0,29362.89,29395.4,29317.0,,-78.4,-0.267,29356.2,180236.907,5292277235.77
868,29492.1,29233.0,29362.89,29395.4,29317.1,,-78.3,-0.266,29356.25,180236.934,5292278027.33
869,29492.1,29233.0,29362.89,29395.4,29317.0,,-78.4,-0.267,29356.2,180236.907,5292277235.77
870,29492.1,29233.0,29362.89,29395.4,29317.0,,-78.4,-0.267,29356.2,180236.907,5292277235.77
871,29492.1,29233.0,29362.89,29395.4,29317.0,,-78.4,-0.267,29356.2,180236.907,5292277235.77
872,29492.1,29233.0,29362.89,29395.4,29317.0,,-78.4,-0.267,29356.2,180236.907,5292277235.77
873,29492.1,29233.0,29362.89,29395.4,29317.0,,-78.4,-0.267,29356.2,180236.907,5292277235.77
874,29492.1,29233.0,29362.89,29395.4,29317.0,,-78.4,-0.267,29356.2,180236.907,5292277235.77
875,29492.1,29233.0,29362.89,29395.4,29317.0,,-78.4,-0.267,29356.2,180236.907,5292277235.77
876,29492.1,29233.0,29362.89,29395.4,29317.1,,-78.3,-0.266,29356.25,180236.934,5292278027.33
877,29492.1,29233.0,29362.89,29395.4,29317.1,,-78.3,-0.266,29356.25,180236.934,5292278027.33
878,29492.1,29233.0,29362.89,29395.4,29317.1,,-78.3,-0.266,29356.25,180236.934,5292278027.33
879,29492.1,29233.0,29362.89,29395.4,29317.1,,-78.3,-0.266,29356.25,180236.934,5292278027.33
880,29492.1,29233.0,29362.89,29395.4,29317.1,,-78.3,-0.266,29356.25,180236.934,5292278027.33
881,29492.1,29233.0,29362.89,29395.4,29317.1,,-78.3,-0.266,29356.25,180236.997,5292279874.3
882,29492.1,29233.0,29362.89,29395.4,29317.1,,-78.3,-0.266,29356.25,180236.934,5292278027.33
883,29492.1,29233.0,29362.89,29395.4,29317.1,,-78.3,-0.266,29356.25,180236.934,5292278027.33
884,29492.1,29233.0,29362.89,29395.4,29317.1,,-78.3,-0.266,29356.25,180236.934,5292278027.33
885,29492.1,29233.0,29362.89,29395.4,29317.1,,-78.3,-0.266,29356.25,180236.934,5292278027.33
886,29492.1,29233.0,29362.89,29395.4,29317.1,,-78.3,-0.266,29356.25,180236.997,5292279874.3
887,29492.1,29233.0,29362.89,29395.4,29317.1,,-78.3,-0.266,29356.25,180236.934,5292278027.33
888,29492.1,29233.0,29362.89,29395.4,29317.1,,-78.3,-0.266,29356.25,180236.997,5292279874.3
889,29492.1,29233.0,29362.89,29395.4,29317.1,,-78.3,-0.266,29356.25,180236.997,5292279874.3
890,29492.1,29233.0,29362.89,29395.4,29317.1,,-78.3,-0.266,29356.25,180236.934,5292278027.33
891,29492.1,29233.0,29362.89,29395.4,29317.1,,-78.3,-0.266,29356.25,180236.934,5292278027.33
892,29492.1,29233.0,29362.89,29395.4,29317.1,,-78.3,-0.266,29356.25,180236.997,5292279874.3
893,29492.1,29233.0,29362.89,29395.4,29317.1,,-78.3,-0.266,29356.25,180236.997,5292279874.3
894,29492.1,29233.0,29362.89,29395.4,29317.1,,-78.3,-0.266,29356.25,180236.997,5292279874.3
895,29492.1,29233.0,29362.89,29395.4,29317.1,,-78.3,-0.266,29356.25,180236.997,5292279874.3
896,29492.1,29233.0,29362.89,29395.4,29317.1,,-78.3,-0.266,29356.25,180236.997,5292279874.3
897,29492.1,29233.0,29362.89,29395.4,29317.1,,-78.3,-0.266,29356.25,180236.997,5292279874.3
898,29492.1,29233.0,29362.89,29395.4,29317.1,,-78.3,-0.266,29356.25,180237.003,5292280050.2
899,29492.1,29233.0,29362.89,29395.4,29317.1,,-78.3,-0.266,29356.25,180237.003,5292280050.2
900,29492.1,29233.0,29362.89,29395.4,29317.1,,-78.3,-0.266,29356.25,180236.997,5292279874.3
901,29492.1,29233.0,29362.89,29395.4,29317.1,,-78.3,-0.266,29356.25,180237.003,5292280050.2
902,29492.1,29233.0,29362.89,29395.4,29317.1,,-78.3,-0.266,29356.25,180237.003,5292280050.2
903,29492.1,29233.0,29362.89,29395.4,29317.1,,-78.3,-0.266,29356.25,180236.997,5292279874.3
904,29492.1,29233.0,29362.89,29395.4,29317.1,,-78.3,-0.266,29356.25,180236.997,5292279874.3
905,29492.1,29233.0,29362.89,29395.4,29317.1,,-78.3,-0.266,29356.25,180237.003,5292280050.2
906,29492.1,29233.0,29362.89,29395.4,29317.1,,-78.3,-0.266,29356.25,180237.003,5292280050.2
907,29492.1,29233.0,29362.89,29395.4,29317.1,,-78.3,-0.266,29356.25,180237.003,5292280050.2
908,29492.1,29233.0,29362.89,29395.4,29317.1,,-78.3,-0.266,29356.25,180237.003,5292280050.2
909,29492.1,29233.0,29362.89,29395.4,29317.1,,-78.3,-0.266,29356.25,180237.003,5292280050.2
910,29492.1,29233.0,29362.89,29395.4,29317.1,,-78.3,-0.266,29356.25,180237.161,5292284682.3
911,29492.1,29233.0,29362.89,29395.4,29317.1,,-78.3,-0.266,29356.25,180237.003,5292280050.2
912,29492.1,29233.0,29362.89,29395.4,29317.1,,-78.3,-0.266,29356.25,180237.003,5292280050.2
913,29492.1,29233.0,29362.89,29395.4,29317.1,,-78.3,-0.266,29356.25,180237.003,5292280050.2
914,29492.1,29233.0,29362.89,29395.4,29317.1,,-78.3,-0.266,29356.25,180237.003,5292280050.2
915,29492.1,29233.0,29362.89,29395.4,29317.1,,-78.3,-0.266,29356.25,180237.003,5292280050.2
916,29492.1,29233.0,29362.89,29395.4,29317.1,,-78.3,-0.266,29356.25,180237.003,5292280050.2
917,29492.1,29233.0,29362.89,29395.4,29317.1,,-78.3,-0.266,29356.25,180237.003,5292280050.2
918,29492.1,29233.0,29362.89,29395.4,29317.1,,-78.3,-0.266,29356.25,180237.003,5292280050.2
919,29492.1,29233.0,29362.89,29395.4,29317.1,,-78.3,-0.266,29356.25,180237.161,5292284682.3
920,29492.1,29233.0,29362.89,29395.4,29317.1,,-78.3,-0.266,29356.25,180237.003,5292280050.2
921,29492.1,29233.0,29362.89,29395.4,29317.1,,-78.3,-0.266,29356.25,180237.161,5292284682.3
922,29492.1,29233.0,29362.89,29395.4,29317.1,,-78.3,-0.266,29356.25,180237.161,5292284682.3
923,29492.1,29233.0,29362.89,29395.4,29317.1,,-78.3,-0.266,29356.25,180237.161,5292284682.3
924,29492.1,29233.0,29362.89,29395.4,29317.1,,-78.3,-0.266,29356.25,180237.161,5292284682.3
925,29492.1,29233.0,29362.89,29395.4,29317.1,,-78.3,-0.266,29356.25,180237.161,5292284682.3
926,29492.1,29233.0,29362.89,29395.4,29317.1,,-78.3,-0.266,29356.25,180237.161,5292284682.3
927,29492.1,29233.0,29362.89,29395.4,29317.1,,-78.3,-0.266,29356.25,180237.161,5292284682.3
928,29492.1,29233.0,29362.89,29395.4,29317.1,,-78.3,-0.266,29356.25,180237.161,5292284682.3
929,29492.1,29233.0,29362.89,29395.4,29317.1,,-78.3,-0.266,29356.25,180237.161,5292284682.3
930,29492.1,29233.0,29362.89,29395.4,29317.1,,-78.3,-0.266,29356.25,180237.161,5292284682.3
931,29492.1,29233.0,29362.89,29395.4,29317.0,,-78.4,-0.267,29356.2,180237.651,5292299047.64
932,29492.1,29233.0,29362.89,29395.4,29317.0,,-78.4,-0.267,29356.2,180237.651,5292299047.64
933,29492.1,29233.0,29362.89,29395.4,29317.1,,-78.3,-0.266,29356.25,180237.161,5292284682.3
934,29492.1,29233.0,29362.89,29395.4,29317.0,,-78.4,-0.267,29356.2,180237.651,5292299047.64
935,29492.1,29233.0,29362.89,29395.4,29317.0,,-78.4,-0.267,29356.2,180237.651,5292299047.64
936,29492.1,29233.0,29362.89,29395.4,29317.0,,-78.4,-0.267,29356.2,180237.651,5292299047.64
937,29492.1,29233.0,29362.89,29395.4,29317.0,,-78.4,-0.267,29356.2,180237.651,5292299047.64
938,29492.1,29233.0,29362.89,29395.4,29317.0,,-78.4,-0.267,29356.2,180237.651,5292299047.64
939,29492.1,29233.0,29362.89,29395.4,29317.0,,-78.4,-0.267,29356.2,180237.651,5292299047.64
940,29492.1,29233.0,29362.89,29395.4,29317.0,,-78.4,-0.267,29356.2,180237.651,5292299047.64
941,29492.1,29233.0,29362.89,29395.4,29317.0,,-78.4,-0.267,29356.2,180237.651,5292299047.64
942,29492.1,29233.0,29362.89,29395.4,29317.1,,-78.3,-0.266,29356.25,180237.68,5292299897.83
943,29492.1,29233.0,29362.89,29395.4,29317.1,,-78.3,-0.266,29356.25,180237.68,5292299897.83
944,29492.1,29233.0,29362.89,29395.4,29317.0,,-78.4,-0.267,29356.2,180237.651,5292299047.64
945,29492.1,29233.0,29362.89,29395.4,29317.1,,-78.3,-0.266,29356.25,180237.68,5292299897.83
946,29492.1,29233.0,29362.89,29395.4,29317.1,,-78.3,-0.266,29356.25,180237.68,5292299897.83
947,29492.1,29233.0,29362.89,29395.4,29317.0,,-78.4,-0.267,29356.2,180237.651,5292299047.64
948,29492.1,29233.0,29362.89,29395.4,29317.1,,-78.3,-0.266,29356.25,180237.68,5292299897.83
949,29492.1,29233.0,29362.89,29395.4,29317.1,,-78.3,-0.266,29356.25,180237.68,5292299897.83
950,29492.1,29233.0,29362.89,29395.4,29317.1,,-78.3,-0.266,29356.25,180237.68,5292299897.83
951,29492.1,29233.0,29362.89,29395.4,29317.1,,-78.3,-0.266,29356.25,180237.68,5292299897.83
952,29492.1,29233.0,29362.89,29395.4,29317.1,,-78.3,-0.266,29356.25,180237.68,5292299897.83
953,29492.1,29233.0,29362.89,29395.4,29317.1,,-78.3,-0.266,29356.25,180237.68,5292299897.83
954,29492.1,29233.0,29362.89,29395.4,29317.1,,-78.3,-0.266,29356.25,180237.68,5292299897.83
955,29492.1,29233.0,29362.89,29395.4,29317.1,,-78.3,-0.266,29356.25,180237.68,5292299897.83
956,29492.1,29233.0,29362.89,29395.4,29317.1,,-78.3,-0.266,29356.25,180237.68,5292299897.83
957,29492.1,29233.0,29362.89,29395.4,29317.1,,-78.3,-0.266,29356.25,180237.68,5292299897.83
958,29492.1,29233.0,29362.89,29395.4,29317.1,,-78.3,-0.266,29356.25,180237.68,5292299897.83
959,29492.1,29233.0,29362.89,29395.4,29317.1,,-78.3,-0.266,29356.25,180237.68,5292299897.83
960,29492.1,29233.0,29362.89,29395.4,29317.0,,-78.4,-0.267,29356.2,180241.972,5292425726.4
961,29492.1,29233.0,29362.89,29395.4,29317.0,,-78.4,-0.267,29356.2,180241.972,5292425726.4
962,29492.1,29233.0,29362.89,29395.4,29317.0,,-78.4,-0.267,29356.2,180241.972,5292425726.4
963,29492.1,29233.0,29362.89,29395.4,29317.0,,-78.4,-0.267,29356.2,180241.972,5292425726.4
964,29492.1,29233.0,29362.89,29395.4,29317.0,,-78.4,-0.267,29356.2,180241.972,5292425726.4
965,29492.1,29233.0,29362.89,29395.4,29317.0,,-78.4,-0.267,29356.2,180241.972,5292425726.4
966,29492.1,29233.0,29362.89,29395.4,29317.0,,-78.4,-0.267,29356.2,180241.972,5292425726.4
967,29492.1,29233.0,29362.89,29395.4,29317.0,,-78.4,-0.267,29356.2,180241.972,5292425726.4
968,29492.1,29233.0,29362.89,29395.4,29317.0,,-78.4,-0.267,29356.2,180241.972,5292425726.4
969,29492.1,29233.0,29362.89,29395.4,29317.0,,-78.4,-0.267,29356.2,180241.972,5292425726.4
970,29492.1,29233.0,29362.89,29395.4,29317.0,,-78.4,-0.267,29356.2,180241.972,5292425726.4
971,29492.1,29233.0,29362.89,29395.4,29317.0,,-78.4,-0.267,29356.2,180241.972,5292425726.4
972,29492.1,29233.0,29362.89,29395.4,29317.0,,-78.4,-0.267,29356.2,180241.972,5292425726.4
973,29492.1,29233.0,29362.89,29395.4,29317.0,,-78.4,-0.267,29356.2,180241.972,5292425726.4
974,29492.1,29233.0,29362.89,29395.4,29317.0,,-78.4,-0.267,29356.2,180241.972,5292425726.4
975,29492.1,29233.0,29362.89,29395.4,29317.0,,-78.4,-0.267,29356.2,180241.972,5292425726.4
976,29492.1,29233.0,29362.89,29395.4,29317.0,,-78.4,-0.267,29356.2,180241.972,5292425726.4
977,29492.1,29233.0,29362.89,29395.4,29317.0,,-78.4,-0.267,29356.2,180242.718,5292447596.89
978,29492.1,29233.0,29362.89,29395.4,29317.0,,-78.4,-0.267,29356.2,180241.972,5292425726.4
979,29492.1,29233.0,29362.89,29395.4,29317.0,,-78.4,-0.267,29356.2,180242.718,5292447596.89
980,29492.1,29233.0,29362.89,29395.4,29317.0,,-78.4,-0.267,29356.2,180242.718,5292447596.89
981,29492.1,29233.0,29362.89,29395.4,29317.0,,-78.4,-0.267,29356.2,180242.718,5292447596.89
982,29492.1,29233.0,29362.89,29395.4,29317.0,,-78.4,-0.267,29356.2,180242.718,5292447596.89
983,29492.1,29233.0,29362.89,29395.4,29317.0,,-78.4,-0.267,29356.2,180242.718,5292447596.89
984,29492.1,29233.0,29362.89,29395.4,29317.0,,-78.4,-0.267,29356.2,180242.718,5292447596.89
985,29492.1,29233.0,29362.89,29395.4,29317.0,,-78.4,-0.267,29356.2,180242.718,5292447596.89
986,29492.1,29233.0,29362.89,29395.4,29317.0,,-78.4,-0.267,29356.2,180242.718,5292447596.89
987,29492.1,29233.0,29362.89,29395.4,29317.0,,-78.4,-0.267,29356.2,180242.718,5292447596.89
988,29492.1,29233.0,29362.89,29395.4,29317.1,,-78.3,-0.266,29356.25,180242.82,5292450587.23
989,29492.1,29233.0,29362.89,29395.4,29317.0,,-78.4,-0.267,29356.2,180242.718,5292447596.89
990,29492.1,29233.0,29362.89,29395.4,29317.0,,-78.4,-0.267,29356.2,180242.718,5292447596.89
991,29492.1,29233.0,29362.89,29395.4,29317.0,,-78.4,-0.267,29356.2,180242.718,5292447596.89
992,29492.1,29233.0,29362.89,29395.4,29317.0,,-78.4,-0.267,29356.2,180242.718,5292447596.89
993,29492.1,29233.0,29362.89,29395.4,29317.1,,-78.3,-0.266,29356.25,180242.82,5292450587.23
994,29492.1,29233.0,29362.89,29395.4,29317.0,,-78.4,-0.267,29356.2,180242.718,5292447596.89
995,29492.1,29233.0,29362.89,29395.4,29317.1,,-78.3,-0.266,29356.25,180242.82,5292450587.23
996,29492.1,29233.0,29362.89,29395.4,29317.1,,-78.3,-0.266,29356.25,180242.82,5292450587.23
997,29492.1,29233.0,29362.89,29395.4,29317.1,,-78.3,-0.266,29356.25,180242.82,5292450587.23
998,29492.1,29233.0,29362.89,29395.4,29317.1,,-78.3,-0.266,29356.25,180242.82,5292450587.23
999,29492.1,29233.0,29362.89,29395.4,29317.1,,-78.3,-0.266,29356.25,180242.82,5292450587.23
